width,thickness,wec_mass,hinge2joint,piston_area,accum_volume,accum_P0,capacity,fitness,generation
6.745098039215686,2.068235294117647,392352.9411764706,0.2529411764705882,0.34,1.7012941176470588,4.258823529411765,4705.882352941177,[5217.65313236],0
9.96078431372549,1.887058823529412,475294.1176470588,1.568235294117647,0.8729411764705882,5.530196078431373,3.8,7564.705882352941,[75.66231191],0
10.901960784313726,1.2658823529411767,464705.8823529412,0.2529411764705882,0.4847058823529412,4.7550196078431375,4.6,7458.823529411765,[4211.28624063],0
10.03921568627451,1.9301960784313728,80000.0,3.5105882352941173,0.5270588235294118,5.3422745098039215,5.329411764705883,2764.7058823529414,[1.98734456],0
21.725490196078432,0.8172549019607843,288235.29411764705,2.072941176470588,0.46352941176470586,2.781843137254902,3.1176470588235294,9752.941176470587,[26.64138169],0
16.941176470588236,1.947450980392157,427647.0588235294,1.6294117647058823,0.2870588235294118,3.604,4.576470588235294,9188.235294117647,[81.26433258],0
12.313725490196079,2.0941176470588236,60588.23529411765,2.501176470588235,0.4141176470588236,3.3221176470588234,4.4,2623.529411764706,[4.09987457],0
18.352941176470587,0.8,189411.76470588235,1.6141176470588234,0.2235294117647059,3.744941176470588,5.635294117647058,5976.470588235294,[90.44322383],0
19.450980392156865,0.8690196078431374,260000.0,0.2529411764705882,0.46705882352941175,3.3925882352941175,3.2705882352941176,6470.588235294118,[133295.14765227],0
6.2745098039215685,1.1882352941176473,425882.35294117645,2.1647058823529415,0.8341176470588235,3.110705882352941,3.2470588235294118,2023.5294117647059,inf,0
7.450980392156863,1.7490196078431373,455882.35294117645,3.1894117647058824,0.22705882352941176,0.4328235294117647,3.152941176470588,7988.235294117647,[93.67845102],0
11.294117647058822,1.2141176470588237,87058.82352941176,2.6694117647058824,0.548235294117647,4.7550196078431375,5.858823529411765,9788.235294117647,[35.45554595],0
18.588235294117645,1.4384313725490196,364117.64705882355,3.648235294117647,0.19529411764705884,3.744941176470588,3.2941176470588234,1317.6470588235293,[4.32977403],0
16.235294117647058,2.508235294117647,374705.8823529412,1.2776470588235296,0.29411764705882354,3.674470588235294,4.788235294117647,4247.058823529412,[7.00339265],0
18.980392156862745,3.0,399411.76470588235,0.6658823529411764,0.6858823529411765,4.473137254901961,4.352941176470589,3152.9411764705883,[3.63520274],0
8.0,2.706666666666667,157647.0588235294,2.6388235294117646,0.5588235294117647,3.345607843137255,3.9411764705882355,9611.764705882353,[133.81725677],0
18.274509803921568,1.8266666666666667,394117.64705882355,2.608235294117647,0.7317647058823529,2.5469411764705883,4.305882352941176,8164.705882352941,[7.36725942],0
8.627450980392158,1.3694117647058826,344705.8823529412,2.791764705882353,0.9294117647058824,5.060392156862745,3.8823529411764706,5588.235294117647,inf,0
20.941176470588236,2.102745098039216,155882.35294117648,1.0635294117647058,0.8447058823529412,2.6878823529411764,5.247058823529412,1423.5294117647059,[3.95108423],0
17.80392156862745,1.0588235294117647,365882.35294117645,2.501176470588235,0.7388235294117647,3.6979607843137257,5.411764705882353,6894.117647058823,[8.70793244],0
5.882352941176471,1.8525490196078434,113529.41176470587,0.5741176470588235,0.2235294117647059,2.030156862745098,5.788235294117647,6223.529411764706,[669.76529088],0
16.392156862745097,2.818823529411765,341176.4705882353,1.8894117647058826,0.39647058823529413,1.1610196078431372,4.188235294117647,2694.1176470588234,inf,0
16.784313725490197,1.619607843137255,314705.8823529412,0.788235294117647,0.17058823529411765,2.8992941176470586,4.776470588235294,9611.764705882353,[4385.32267448],0
22.03921568627451,2.154509803921569,272352.9411764706,1.8894117647058826,0.9329411764705883,4.097294117647059,3.388235294117647,9258.823529411764,inf,0
20.862745098039216,1.9647058823529413,448823.5294117647,3.4647058823529413,0.4423529411764706,3.9563529411764704,3.164705882352941,5164.705882352941,[4.60308858],0
4.549019607843137,2.9913725490196086,171764.70588235295,1.9811764705882353,0.8305882352941176,5.2483137254901955,5.258823529411765,4564.7058823529405,[1.44384718],0
15.843137254901961,1.619607843137255,372941.17647058825,0.6047058823529411,0.3258823529411765,1.5368627450980392,3.776470588235294,6717.64705882353,[11444.39118806],0
8.07843137254902,2.9396078431372548,81764.70588235294,0.17647058823529413,0.5094117647058823,3.510039215686274,3.317647058823529,5835.294117647059,[200.74132315],0
16.235294117647058,1.5419607843137255,254705.88235294117,1.7364705882352942,0.45999999999999996,5.624156862745099,5.270588235294118,1988.235294117647,[3.92446801],0
11.372549019607842,2.6376470588235295,318235.29411764705,0.6964705882352941,0.11411764705882353,3.416078431372549,3.8823529411764706,3964.705882352941,[8003.01799303],0
20.941176470588236,2.102745098039216,184117.64705882352,1.1552941176470588,0.17411764705882354,4.731529411764706,3.3411764705882354,7070.588235294118,[114.48483615],0
9.725490196078432,2.8015686274509806,381764.70588235295,0.42117647058823526,0.7388235294117647,3.674470588235294,5.435294117647059,2129.4117647058824,[7.25078969],0
18.588235294117645,2.9654901960784317,214117.64705882352,3.143529411764706,0.8305882352941176,5.083882352941177,4.364705882352942,6188.235294117647,inf,0
4.549019607843137,2.9913725490196086,171764.70588235295,1.9811764705882353,0.38235294117647056,4.778509803921568,5.258823529411765,4564.7058823529405,[516.55087747],0
7.450980392156863,1.7490196078431373,455882.35294117645,3.1894117647058824,0.23764705882352943,5.201333333333333,3.788235294117647,7988.235294117647,[116.90312943],0
18.745098039215684,1.5333333333333334,260000.0,0.8952941176470587,0.8482352941176471,0.4328235294117647,5.905882352941177,6788.235294117647,inf,0
4.862745098039216,2.7756862745098045,122352.94117647059,1.7670588235294118,0.4423529411764706,3.627490196078431,4.7176470588235295,6011.764705882353,[520.23021236],0
16.313725490196077,2.75843137254902,470000.0,2.6694117647058824,0.4882352941176471,4.942941176470589,3.9058823529411764,9223.529411764706,[8.04133517],0
4.392156862745098,1.2831372549019608,429411.76470588235,3.8623529411764705,0.8905882352941176,3.5805098039215686,5.070588235294117,6788.235294117647,inf,0
21.96078431372549,2.9309803921568633,58823.529411764706,2.0576470588235294,0.4035294117647059,2.993254901960784,3.211764705882353,6788.235294117647,inf,0
9.411764705882353,2.7325490196078435,254705.88235294117,3.0976470588235294,0.5305882352941177,4.5670980392156855,3.3294117647058825,5376.470588235294,[16.65201714],0
10.745098039215687,1.3521568627450982,447058.82352941175,0.8035294117647059,0.9964705882352941,2.100627450980392,5.08235294117647,5270.588235294118,[21.83470383],0
9.882352941176471,2.6980392156862747,256470.58823529413,0.2988235294117647,0.8235294117647058,4.402666666666667,3.4,1882.3529411764707,[4.68077287],0
17.019607843137255,0.9121568627450981,471764.70588235295,3.5870588235294116,0.24823529411764708,5.64764705882353,4.7176470588235295,1917.6470588235293,[4.40300323],0
22.11764705882353,0.8862745098039216,364117.64705882355,3.648235294117647,0.19529411764705884,3.744941176470588,4.788235294117647,1070.5882352941176,[4.66837139],0
18.588235294117645,1.4729411764705884,99411.76470588235,0.7576470588235293,0.9047058823529412,5.906039215686274,3.552941176470588,3576.470588235294,[4.08903212],0
4.549019607843137,2.9913725490196086,171764.70588235295,1.9811764705882353,0.8305882352941176,5.2483137254901955,4.5058823529411764,4564.7058823529405,[1.44733707],0
6.980392156862745,2.3011764705882354,57058.82352941176,0.3447058823529412,0.4988235294117648,0.15094117647058825,5.270588235294118,7423.529411764706,[14.37572607],0
20.15686274509804,2.3529411764705888,214117.64705882352,1.9811764705882353,0.5447058823529412,3.909372549019608,5.270588235294118,4600.0,[3.52621404],0
4.549019607843137,2.9913725490196086,170000.0,1.0941176470588236,0.8305882352941176,5.2483137254901955,5.258823529411765,4564.7058823529405,[662.33655832],0
22.11764705882353,0.9207843137254903,99411.76470588235,0.7576470588235293,0.9047058823529412,5.906039215686274,5.952941176470588,8976.470588235294,[14.73391761],0
10.745098039215687,2.275294117647059,448823.5294117647,3.5564705882352943,0.6011764705882353,1.6073333333333333,3.552941176470588,1176.4705882352941,inf,0
16.470588235294116,2.7756862745098045,122352.94117647059,1.7670588235294118,0.4423529411764706,4.778509803921568,3.5176470588235293,6964.705882352941,[4.13706962],0
6.8235294117647065,2.223529411764706,228235.29411764705,0.3905882352941177,0.7635294117647059,4.942941176470589,3.9058823529411764,9188.235294117647,[2033.86586795],0
6.2745098039215685,1.1882352941176473,260000.0,0.26823529411764707,0.8341176470588235,3.110705882352941,3.2470588235294118,2023.5294117647059,[32.54559816],0
4.9411764705882355,1.2227450980392158,477058.82352941175,0.6352941176470588,0.45999999999999996,4.44964705882353,4.529411764705882,8694.117647058823,[105.20053406],0
11.058823529411764,2.8274509803921566,97647.05882352941,1.1858823529411764,0.14941176470588236,2.0536470588235294,5.223529411764706,5552.941176470588,[10.57177828],0
19.686274509803923,1.3349019607843138,62352.94117647059,1.1858823529411764,0.7705882352941176,0.05698039215686275,5.070588235294117,5058.823529411765,inf,0
10.980392156862745,2.1286274509803924,395882.35294117645,3.2505882352941176,0.8588235294117647,4.5670980392156855,5.811764705882353,4282.35294117647,[1.70514595],0
11.215686274509803,2.033725490196079,265294.1176470588,0.5894117647058823,0.2976470588235294,4.989921568627452,4.823529411764706,4882.35294117647,[312.85701059],0
20.15686274509804,2.3529411764705888,212352.9411764706,2.072941176470588,0.5447058823529412,2.92278431372549,5.364705882352942,4600.0,[3.57568659],0
6.666666666666666,1.9905882352941178,221176.4705882353,0.62,0.25529411764705884,3.909372549019608,5.31764705882353,8058.823529411765,[2450.96934252],0
16.07843137254902,2.56,104705.88235294117,1.0941176470588236,0.10352941176470588,1.5368627450980392,5.2,5447.058823529412,[129.10491869],0
5.098039215686274,1.3003921568627452,318235.29411764705,3.923529411764706,0.9435294117647058,1.1610196078431372,5.035294117647059,4458.823529411765,inf,0
16.15686274509804,1.3607843137254902,71176.4705882353,1.1094117647058823,0.6505882352941177,4.872470588235294,4.729411764705882,1247.0588235294117,[3.87459075],0
11.529411764705882,2.3615686274509806,362352.9411764706,3.831764705882353,0.31176470588235294,2.828823529411765,3.376470588235294,9364.70588235294,[24.75541686],0
5.7254901960784315,1.7058823529411766,143529.4117647059,1.2317647058823529,0.8058823529411765,1.5368627450980392,4.458823529411765,7282.35294117647,[1993.48330385],0
14.666666666666666,2.7843137254901964,365882.35294117645,3.4035294117647057,0.7070588235294117,1.959686274509804,5.117647058823529,6894.117647058823,[9.07426674],0
6.509803921568627,1.8611764705882354,346470.5882352941,3.418823529411765,0.34352941176470586,5.600666666666667,4.8,1458.8235294117646,[3.76307743],0
17.80392156862745,1.6541176470588237,316470.5882352941,2.8223529411764705,0.2588235294117647,1.959686274509804,3.8823529411764706,7776.470588235294,[13.4176789],0
10.823529411764707,1.5764705882352943,189411.76470588235,3.0058823529411764,0.5164705882352941,2.593921568627451,3.1176470588235294,3858.823529411765,[6.7354333],0
20.15686274509804,2.3529411764705888,212352.9411764706,2.072941176470588,0.5447058823529412,3.909372549019608,5.270588235294118,4600.0,[3.51240128],0
6.352941176470589,2.3443137254901965,173529.4117647059,3.7094117647058824,0.34,0.36235294117647066,4.588235294117647,7035.294117647059,[314.37833296],0
14.03921568627451,1.8956862745098042,424117.64705882355,0.46705882352941175,0.9223529411764706,4.379176470588235,5.8,8200.0,[122.3626893],0
18.352941176470587,2.9309803921568633,399411.76470588235,3.1741176470588237,0.20941176470588235,3.3221176470588234,4.905882352941177,3152.9411764705883,[3.57863919],0
14.588235294117647,2.516862745098039,203529.41176470587,3.571764705882353,0.3788235294117648,0.2918823529411765,4.517647058823529,9929.411764705883,inf,0
23.058823529411764,2.068235294117647,228235.29411764705,3.847058823529412,0.2588235294117647,2.617411764705882,5.741176470588235,4352.941176470588,[3.70674615],0
19.529411764705884,1.343529411764706,320000.0,2.608235294117647,0.13529411764705884,5.201333333333333,4.247058823529412,2835.2941176470586,[11.14165631],0
8.862745098039216,1.3694117647058826,342941.17647058825,2.44,0.7,0.4093333333333333,4.764705882352941,7247.058823529412,[189.48430704],0
16.392156862745097,1.3003921568627452,318235.29411764705,3.908235294117647,0.10352941176470588,1.6073333333333333,5.2,5447.058823529412,[84.09161854],0
22.50980392156863,2.0164705882352942,108235.29411764705,1.2317647058823529,0.5976470588235294,0.9261176470588236,5.541176470588235,8764.70588235294,inf,0
22.980392156862745,0.9207843137254903,201764.70588235295,1.1858823529411764,0.6258823529411764,3.604,5.470588235294118,8517.64705882353,[14.36270756],0
12.470588235294118,1.6454901960784314,395882.35294117645,3.2505882352941176,0.7317647058823529,4.426156862745098,4.529411764705882,5517.64705882353,[5.64613947],0
11.215686274509803,1.9905882352941178,102941.17647058824,0.8952941176470587,0.8588235294117647,4.5670980392156855,5.952941176470588,4882.35294117647,[7.70109936],0
14.980392156862745,2.7843137254901964,365882.35294117645,1.0941176470588236,0.9611764705882353,1.6073333333333333,3.8,6752.941176470588,inf,0
23.45098039215686,1.127843137254902,362352.9411764706,3.4035294117647057,0.7070588235294117,1.959686274509804,5.094117647058823,3117.6470588235293,inf,0
18.588235294117645,1.4384313725490196,364117.64705882355,3.648235294117647,0.4211764705882354,3.744941176470588,4.788235294117647,3576.470588235294,[4.27015528],0
11.764705882352942,1.662745098039216,429411.76470588235,0.26823529411764707,0.9752941176470589,1.208,5.0588235294117645,2447.0588235294117,[86.21884852],0
22.666666666666668,0.9207843137254903,201764.70588235295,1.2317647058823529,0.5976470588235294,0.9261176470588236,5.541176470588235,8764.70588235294,[14.18714167],0
19.607843137254903,0.963921568627451,466470.5882352941,1.2011764705882355,0.9258823529411764,5.600666666666667,5.023529411764706,8800.0,[12.40297433],0
11.529411764705882,1.2658823529411767,265294.1176470588,3.4952941176470587,0.24823529411764708,5.906039215686274,5.670588235294117,7635.294117647059,[43.31334965],0
10.823529411764707,1.5764705882352943,189411.76470588235,3.0058823529411764,0.5164705882352941,2.593921568627451,3.1176470588235294,3858.823529411765,[6.7354333],0
17.490196078431374,1.7490196078431373,455882.35294117645,0.9105882352941176,0.13176470588235295,4.191254901960784,4.2823529411764705,5200.0,[4599.08366454],0
6.901960784313726,2.723921568627451,69411.76470588235,3.1894117647058824,0.22705882352941176,0.4328235294117647,5.858823529411765,7988.235294117647,inf,0
14.901960784313726,2.0509803921568626,175294.11764705883,3.311764705882353,0.2870588235294118,4.050313725490196,3.6470588235294117,4917.64705882353,[5.05263882],0
17.80392156862745,1.0588235294117647,365882.35294117645,3.021176470588235,0.8447058823529412,2.6878823529411764,5.247058823529412,1247.0588235294117,[3.49476195],0
22.666666666666668,2.2407843137254906,468235.29411764705,3.327058823529412,0.908235294117647,4.144274509803921,5.023529411764706,3400.0,[2.32618486],0
5.333333333333333,2.9568627450980394,212352.9411764706,1.2623529411764707,0.8305882352941176,0.832156862745098,4.035294117647059,1494.1176470588234,inf,0
20.0,2.9654901960784317,205294.11764705883,2.088235294117647,0.8835294117647059,4.238235294117647,4.329411764705882,4600.0,inf,0
18.666666666666664,1.2658823529411767,115294.11764705883,3.143529411764706,0.38235294117647056,5.083882352941177,4.364705882352942,1670.5882352941176,[3.51079836],0
5.490196078431373,2.007843137254902,81764.70588235294,0.9870588235294117,0.6047058823529412,0.4563137254901961,3.541176470588235,7529.411764705882,[150.7218621],0
22.666666666666668,0.9207843137254903,201764.70588235295,1.0788235294117647,0.14588235294117646,0.9261176470588236,5.541176470588235,8764.70588235294,[3155.43706464],0
18.352941176470587,0.8,182352.9411764706,0.711764705882353,0.4423529411764706,3.744941176470588,5.635294117647058,5976.470588235294,[148.04373057],0
21.254901960784313,2.818823529411765,471764.70588235295,1.6141176470588234,0.17764705882352944,5.201333333333333,3.3058823529411763,6647.058823529412,[27.64177235],0
10.745098039215687,1.24,279411.76470588235,0.8341176470588234,0.20941176470588235,3.627490196078431,5.352941176470589,6400.0,[2072.38720684],0
10.352941176470587,3.0,427647.0588235294,0.88,0.5305882352941177,2.359019607843137,5.905882352941177,5129.411764705882,[13.45203522],0
9.803921568627452,2.3960784313725494,378235.29411764705,2.2411764705882353,0.8764705882352941,1.1140392156862746,5.964705882352941,8835.29411764706,[121.39016254],0
14.117647058823529,2.8533333333333335,177058.82352941175,1.5376470588235294,0.13176470588235295,2.147607843137255,5.8235294117647065,5235.294117647059,[8.89996082],0
6.666666666666666,2.3529411764705888,284705.8823529412,0.9411764705882353,0.16,3.979843137254902,5.258823529411765,4741.176470588235,[1814.9591647],0
19.607843137254903,1.1623529411764706,87058.82352941176,1.3694117647058823,0.16,2.9697647058823526,5.329411764705883,6858.823529411765,[555.76844477],0
22.666666666666668,1.3607843137254902,118823.5294117647,1.1400000000000001,0.16705882352941176,0.8556470588235294,5.776470588235294,9258.823529411764,[2466.67067181],0
20.941176470588236,1.731764705882353,364117.64705882355,2.378823529411765,0.14941176470588236,0.2918823529411765,3.388235294117647,6223.529411764706,[39.0541118],0
22.431372549019606,1.4384313725490196,185882.35294117648,1.2776470588235296,0.16705882352941176,0.8556470588235294,5.776470588235294,9258.823529411764,[1926.5637513],0
20.941176470588236,1.662745098039216,364117.64705882355,2.3176470588235296,0.9964705882352941,5.506705882352941,5.247058823529412,8235.29411764706,inf,0
22.19607843137255,1.1192156862745097,371176.4705882353,0.6505882352941177,0.4952941176470588,5.788588235294117,4.894117647058824,6647.058823529412,[306.94716574],0
9.647058823529413,1.662745098039216,364117.64705882355,2.378823529411765,0.16705882352941176,0.8556470588235294,5.776470588235294,9258.823529411764,[2510.14366929],0
23.372549019607842,2.9913725490196086,244117.64705882352,0.19176470588235295,0.668235294117647,5.083882352941177,5.694117647058824,4247.058823529412,[57.13227598],0
12.627450980392156,1.887058823529412,83529.41176470587,0.11529411764705882,0.46352941176470586,1.2784705882352942,3.541176470588235,1882.3529411764707,[55.48154978],0
12.470588235294118,1.6454901960784314,102941.17647058824,0.8952941176470587,0.7317647058823529,4.426156862745098,4.529411764705882,5517.64705882353,[7.34801611],0
9.647058823529413,1.1192156862745097,371176.4705882353,0.6505882352941177,0.38588235294117645,5.788588235294117,4.894117647058824,6682.35294117647,[610.27793397],0
17.80392156862745,1.6541176470588237,311176.4705882353,3.418823529411765,0.9752941176470589,1.208,5.0588235294117645,2447.0588235294117,inf,0
11.764705882352942,1.662745098039216,429411.76470588235,0.26823529411764707,0.34352941176470586,4.96643137254902,3.8823529411764706,7776.470588235294,[12381.60040068],0
19.058823529411764,1.1192156862745097,494705.8823529412,2.3329411764705883,0.6470588235294118,5.506705882352941,3.317647058823529,3011.764705882353,[10.29396828],0
10.666666666666668,2.723921568627451,60588.23529411765,1.5988235294117648,0.16705882352941176,4.191254901960784,4.2823529411764705,1105.8823529411766,[3.7522648],0
15.92156862745098,1.835294117647059,189411.76470588235,0.7576470588235293,0.23058823529411768,1.3489411764705883,4.741176470588235,4176.470588235294,[25.01314685],0
12.313725490196079,2.0941176470588236,60588.23529411765,2.501176470588235,0.4211764705882354,3.3221176470588234,4.4,2623.529411764706,[4.04382004],0
10.901960784313726,2.603137254901961,344705.8823529412,0.9870588235294117,0.23411764705882354,3.345607843137255,3.4941176470588236,1211.764705882353,[5.24240931],0
12.470588235294118,2.43921568627451,222941.17647058822,3.7705882352941176,0.5552941176470588,1.7247843137254903,4.247058823529412,3682.3529411764707,inf,0
20.07843137254902,1.2658823529411767,106470.58823529413,2.088235294117647,0.43176470588235294,3.486549019607843,3.9529411764705884,4882.35294117647,[4.63911337],0
11.215686274509803,1.24,80000.0,3.5105882352941173,0.4988235294117648,5.31878431372549,5.376470588235295,7458.823529411765,[28.70474157],0
21.725490196078432,1.8784313725490196,330588.23529411765,0.6505882352941177,0.7,5.3422745098039215,3.5058823529411764,3505.8823529411766,[5.77234034],0
6.2745098039215685,1.1882352941176473,260000.0,0.26823529411764707,0.8341176470588235,3.110705882352941,3.2470588235294118,2023.5294117647059,[32.54559816],0
16.784313725490197,1.619607843137255,314705.8823529412,1.8894117647058826,0.9788235294117646,5.31878431372549,4.258823529411765,3400.0,[3.29774524],0
19.058823529411764,1.5764705882352943,178823.5294117647,1.2470588235294118,0.9329411764705883,4.097294117647059,3.411764705882353,9223.529411764706,[7.92970601],0
16.941176470588236,2.75843137254902,295294.1176470588,0.9105882352941176,0.13176470588235295,4.191254901960784,4.2823529411764705,5200.0,[332.87143721],0
17.96078431372549,1.619607843137255,85294.11764705883,3.418823529411765,0.34352941176470586,4.96643137254902,3.8823529411764706,7776.470588235294,[5.85487245],0
18.11764705882353,2.551372549019608,320000.0,2.409411764705882,0.41764705882352937,0.9026274509803922,4.188235294117647,5341.176470588235,inf,0
11.372549019607842,1.3607843137254902,155882.35294117648,2.18,0.3717647058823529,5.107372549019608,4.694117647058824,3294.1176470588234,[8.0513383],0
6.431372549019608,2.378823529411765,471764.70588235295,4.0,0.2447058823529412,4.520117647058823,5.870588235294118,4952.941176470588,[132.34552409],0
9.254901960784313,2.542745098039216,92352.94117647059,2.9447058823529413,0.30823529411764705,3.157686274509804,5.835294117647059,2023.5294117647059,[5.17578955],0
16.627450980392155,1.619607843137255,60588.23529411765,1.5988235294117648,0.6470588235294118,5.48321568627451,3.4941176470588236,9611.764705882353,[7.99066281],0
19.137254901960784,2.9568627450980394,263529.4117647059,0.6505882352941177,0.47058823529411764,2.875803921568627,3.317647058823529,3011.764705882353,inf,0
8.627450980392158,1.4125490196078432,342941.17647058825,2.547058823529412,0.4388235294117647,1.7482745098039216,4.447058823529412,6152.941176470588,[94.41344773],0
21.725490196078432,1.0674509803921568,397647.0588235294,1.751764705882353,0.9294117647058824,5.060392156862745,3.8823529411764706,9223.529411764706,[8.22847523],0
15.294117647058824,1.2486274509803923,369411.76470588235,0.8952941176470587,0.2835294117647059,4.426156862745098,5.764705882352941,3152.9411764705883,[61.00173711],0
11.529411764705882,2.3615686274509806,360588.23529411765,3.7858823529411763,0.42470588235294116,2.828823529411765,3.376470588235294,9364.70588235294,[26.4029983],0
16.862745098039216,2.2580392156862743,140000.0,2.9905882352941178,0.788235294117647,3.040235294117647,5.2823529411764705,3047.0588235294117,[2.19675244],0
16.941176470588236,0.9811764705882353,205294.11764705883,0.88,0.2976470588235294,0.4093333333333333,3.788235294117647,6505.882352941177,[406.1592813],0
16.941176470588236,1.9819607843137257,320000.0,0.7729411764705882,0.43176470588235294,2.359019607843137,4.317647058823529,4635.2941176470595,[13.38613999],0
6.901960784313726,2.723921568627451,69411.76470588235,0.9105882352941176,0.13176470588235295,4.191254901960784,4.2823529411764705,4952.941176470588,[17.02041322],0
12.627450980392156,1.3866666666666667,342941.17647058825,1.7058823529411766,0.6223529411764707,5.83556862745098,4.129411764705882,8623.529411764706,[30.48748935],0
22.431372549019606,1.0329411764705883,420588.23529411765,1.996470588235294,0.1423529411764706,1.6308235294117648,5.8235294117647065,1564.7058823529412,[8.83996291],0
9.176470588235293,1.343529411764706,99411.76470588235,2.1494117647058824,0.9364705882352942,0.9965882352941177,5.635294117647058,9611.764705882353,[10.52117697],0
23.137254901960784,0.8172549019607843,288235.29411764705,2.072941176470588,0.46352941176470586,3.604,4.576470588235294,9188.235294117647,[14.01309004],0
9.333333333333332,1.2141176470588237,323529.4117647059,1.1705882352941177,0.5411764705882353,5.506705882352941,5.435294117647059,1458.8235294117646,[8.33607616],0
5.803921568627451,2.4305882352941177,485882.35294117645,1.0941176470588236,0.19176470588235295,4.96643137254902,4.141176470588235,7035.294117647059,[349.05939794],0
16.941176470588236,2.723921568627451,69411.76470588235,0.9105882352941176,0.13176470588235295,4.191254901960784,4.2823529411764705,5200.0,[56.46070564],0
16.15686274509804,1.3607843137254902,72941.17647058824,1.1094117647058823,0.6505882352941177,4.872470588235294,4.729411764705882,1247.0588235294117,[3.87465909],0
8.156862745098039,2.3529411764705888,104705.88235294117,2.914117647058824,0.6470588235294118,3.040235294117647,4.952941176470588,7741.176470588235,[7.30397295],0
20.15686274509804,2.2580392156862743,438235.29411764705,2.072941176470588,0.5447058823529412,3.909372549019608,5.270588235294118,4600.0,[4.06565606],0
20.470588235294116,1.7231372549019608,402941.17647058825,0.2223529411764706,0.7105882352941177,4.426156862745098,5.411764705882353,3682.3529411764707,[467.74692396],0
20.941176470588236,2.102745098039216,155882.35294117648,0.42117647058823526,0.7388235294117647,3.298627450980392,3.223529411764706,7070.588235294118,[20.37653246],0
17.96078431372549,1.395294117647059,427647.0588235294,1.6294117647058823,0.2870588235294118,2.781843137254902,3.1176470588235294,9752.941176470587,[817.11958317],0
6.901960784313726,2.275294117647059,281176.4705882353,2.4705882352941178,0.2447058823529412,5.48321568627451,4.952941176470588,5658.823529411765,[125.18140872],0
23.372549019607842,2.7152941176470593,219411.76470588235,3.2505882352941176,0.6717647058823529,0.832156862745098,5.235294117647059,8341.176470588234,inf,0
18.03921568627451,2.723921568627451,399411.76470588235,0.9105882352941176,0.6858823529411765,4.473137254901961,4.352941176470589,3152.9411764705883,[3.72516696],0
6.8235294117647065,1.1192156862745097,494705.8823529412,2.3329411764705883,0.16705882352941176,4.167764705882353,3.9647058823529413,2905.8823529411766,[20.45402656],0
10.588235294117647,1.3176470588235296,374705.8823529412,1.7670588235294118,0.5694117647058824,4.473137254901961,4.2823529411764705,1105.8823529411766,[3.81182974],0
4.9411764705882355,1.2227450980392158,293529.4117647059,2.9447058823529413,0.45999999999999996,4.44964705882353,4.529411764705882,8694.117647058823,[305.08313841],0
6.2745098039215685,1.4729411764705884,477058.82352941175,0.6352941176470588,0.1423529411764706,4.5670980392156855,5.6117647058823525,6858.823529411765,[1747.60122147],0
9.882352941176471,2.577254901960784,364117.64705882355,3.648235294117647,0.19529411764705884,3.744941176470588,4.788235294117647,4141.176470588235,[12.61996718],0
18.588235294117645,1.4298039215686276,482352.9411764706,0.2988235294117647,0.8235294117647058,4.402666666666667,3.4,1317.6470588235293,[8.62101289],0
10.901960784313726,2.603137254901961,344705.8823529412,0.9870588235294117,0.10352941176470588,1.7247843137254903,4.247058823529412,1211.764705882353,[10.63564013],0
15.215686274509803,2.2149019607843137,383529.4117647059,3.5564705882352943,0.7529411764705882,4.426156862745098,4.423529411764706,3329.4117647058824,[2.07689192],0
6.666666666666666,2.335686274509804,145294.11764705883,3.847058823529412,0.21647058823529414,1.6073333333333333,5.952941176470588,8376.470588235294,[69.93601354],0
10.745098039215687,2.275294117647059,448823.5294117647,3.5564705882352943,0.6011764705882353,3.3221176470588234,4.670588235294118,4564.7058823529405,[7.86352419],0
21.96078431372549,2.706666666666667,420588.23529411765,0.17647058823529413,0.5094117647058823,4.7080392156862745,4.741176470588235,3152.9411764705883,[305.88091636],0
20.15686274509804,2.3529411764705888,212352.9411764706,2.072941176470588,0.5447058823529412,3.909372549019608,5.270588235294118,4600.0,[3.51240128],0
22.352941176470587,2.0164705882352942,189411.76470588235,1.1094117647058823,0.8447058823529412,4.848980392156863,4.952941176470588,1000.0,[4.95857235],0
8.470588235294118,0.851764705882353,332352.9411764706,0.3141176470588235,0.4211764705882354,4.942941176470589,3.8705882352941177,7600.0,[11574.02551506],0
14.117647058823529,1.9388235294117648,177058.82352941175,1.583529411764706,0.23411764705882354,5.694627450980392,3.9647058823529413,8376.470588235294,[20.52564289],0
13.098039215686274,1.8784313725490196,309411.76470588235,1.3694117647058823,0.16705882352941176,3.0167450980392156,5.5058823529411764,6788.235294117647,[898.11904839],0
16.941176470588236,0.9811764705882353,205294.11764705883,0.88,0.2976470588235294,0.385843137254902,5.2823529411764705,3117.6470588235293,[20.91566528],0
17.568627450980394,0.9811764705882353,205294.11764705883,0.3905882352941177,0.2976470588235294,0.385843137254902,5.2823529411764705,3117.6470588235293,[1557.30861242],0
23.058823529411764,2.0423529411764707,498235.29411764705,0.19176470588235295,0.8447058823529412,5.624156862745099,5.741176470588235,4352.941176470588,[634.41455702],0
22.03921568627451,2.9309803921568633,228235.29411764705,3.847058823529412,0.4847058823529412,2.3355294117647056,5.882352941176471,7529.411764705882,inf,0
15.215686274509803,2.1372549019607843,155882.35294117648,0.42117647058823526,0.7388235294117647,3.674470588235294,5.411764705882353,7635.294117647059,[15.52252995],0
20.941176470588236,2.0941176470588236,443529.4117647059,0.6658823529411764,0.64,4.355686274509804,3.0,7070.588235294118,[54.59199366],0
6.8235294117647065,1.3176470588235296,374705.8823529412,1.751764705882353,0.4211764705882354,4.44964705882353,3.9647058823529413,2905.8823529411766,[67.11465365],0
5.490196078431373,2.603137254901961,427647.0588235294,1.6752941176470588,0.5694117647058824,5.9765098039215685,5.541176470588235,5341.176470588235,[330.86692525],0
6.352941176470589,2.3443137254901965,173529.4117647059,3.7094117647058824,0.34,4.379176470588235,3.0823529411764707,7035.294117647059,[1799.87041882],0
19.764705882352942,2.3615686274509806,369411.76470588235,2.1188235294117646,0.9400000000000001,0.36235294117647066,4.6117647058823525,9047.058823529413,inf,0
10.745098039215687,2.275294117647059,445294.1176470588,3.327058823529412,0.16,1.6073333333333333,5.952941176470588,9082.35294117647,[245.53444523],0
19.529411764705884,2.223529411764706,462941.17647058825,3.5564705882352943,0.8270588235294117,4.214745098039216,5.458823529411765,6611.764705882353,[4.96100289],0
4.862745098039216,2.0509803921568626,175294.11764705883,3.7705882352941176,0.39647058823529413,3.5805098039215686,5.070588235294117,6788.235294117647,[930.71110354],0
14.431372549019608,1.2831372549019608,429411.76470588235,3.311764705882353,0.5129411764705882,4.050313725490196,3.6470588235294117,4917.64705882353,[27.9560287],0
19.215686274509803,2.3529411764705888,90588.23529411765,2.1494117647058824,0.4105882352941177,0.7147058823529413,4.305882352941176,7600.0,inf,0
21.80392156862745,0.8172549019607843,72941.17647058824,1.3694117647058823,0.16,2.9697647058823526,5.329411764705883,6858.823529411765,[1365.18961774],0
11.607843137254902,2.0164705882352942,238823.5294117647,3.923529411764706,0.7741176470588236,2.429490196078431,5.870588235294118,9082.35294117647,[5.02911751],0
10.588235294117647,1.343529411764706,99411.76470588235,2.1494117647058824,0.9364705882352942,0.9965882352941177,4.882352941176471,9611.764705882353,[20.46471842],0
19.215686274509803,2.3529411764705888,87058.82352941176,1.3694117647058823,0.16,2.9697647058823526,5.329411764705883,6858.823529411765,[24.41065123],0
18.745098039215684,1.2658823529411767,427647.0588235294,3.2658823529411762,0.9435294117647058,5.9765098039215685,5.235294117647059,5658.823529411765,[2.89213624],0
9.803921568627452,2.8533333333333335,203529.41176470587,0.5588235294117647,0.13176470588235295,2.2415686274509805,5.964705882352941,8835.29411764706,[2247.66389128],0
11.764705882352942,1.662745098039216,402941.17647058825,1.2470588235294118,0.9752941176470589,1.208,5.0588235294117645,2447.0588235294117,inf,0
13.254901960784315,0.8690196078431374,94117.64705882352,2.6541176470588232,0.8447058823529412,1.2784705882352942,5.952941176470588,8552.941176470587,[12.04594403],0
19.529411764705884,1.343529411764706,320000.0,0.6505882352941177,0.13529411764705884,5.201333333333333,4.247058823529412,2835.2941176470586,[2994.83435883],0
19.607843137254903,1.7231372549019608,219411.76470588235,2.8835294117647057,0.1,0.4563137254901961,3.9176470588235293,1317.6470588235293,inf,0
21.49019607843137,0.963921568627451,466470.5882352941,1.2011764705882355,0.9258823529411764,5.600666666666667,5.023529411764706,8800.0,[80.95965227],0
5.490196078431373,2.603137254901961,427647.0588235294,1.6600000000000001,0.4211764705882354,5.9765098039215685,5.541176470588235,5341.176470588235,[199.78494176],0
21.568627450980394,1.1537254901960785,282941.1764705882,0.1611764705882353,0.491764705882353,1.8187450980392157,5.6117647058823525,4494.117647058823,[1965.43996491],0
15.843137254901961,1.619607843137255,364117.64705882355,0.11529411764705882,0.6011764705882353,1.9127058823529413,3.776470588235294,6717.64705882353,[16772.56347105],0
10.745098039215687,2.275294117647059,448823.5294117647,3.5564705882352943,0.5094117647058823,3.110705882352941,5.952941176470588,9082.35294117647,[54.89209984],0
10.823529411764707,1.9647058823529413,471764.70588235295,3.0058823529411764,0.5164705882352941,2.593921568627451,3.1176470588235294,3858.823529411765,[23.29858032],0
20.862745098039216,1.5764705882352943,166470.5882352941,3.4647058823529413,0.4423529411764706,3.9563529411764704,3.164705882352941,5164.705882352941,[4.13914222],0
6.8235294117647065,1.3176470588235296,374705.8823529412,1.7670588235294118,0.5905882352941176,5.459725490196078,4.258823529411765,2905.8823529411766,[50.90714913],0
9.96078431372549,1.887058823529412,475294.1176470588,1.568235294117647,0.851764705882353,4.44964705882353,3.9647058823529413,3047.0588235294117,[11.33188135],0
10.666666666666668,1.2141176470588237,87058.82352941176,2.6847058823529415,1.0,4.7550196078431375,3.152941176470588,9788.235294117647,inf,0
22.823529411764707,2.0164705882352942,108235.29411764705,1.1705882352941177,0.17411764705882354,3.604,5.470588235294118,8517.64705882353,[232.18828606],0
15.372549019607844,1.0847058823529412,401176.4705882353,3.4494117647058826,0.14941176470588236,0.10396078431372549,3.0941176470588236,3364.705882352941,inf,0
14.901960784313726,2.0509803921568626,182352.9411764706,3.311764705882353,0.5129411764705882,4.050313725490196,3.6470588235294117,4917.64705882353,[5.14743272],0
8.235294117647058,1.9905882352941178,394117.64705882355,2.8529411764705883,0.7317647058823529,2.5469411764705883,4.305882352941176,8164.705882352941,[306.50959113],0
11.215686274509803,1.8266666666666667,395882.35294117645,3.2505882352941176,0.8870588235294118,4.5670980392156855,5.952941176470588,4882.35294117647,[1.93753962],0
4.862745098039216,1.1623529411764706,191176.4705882353,1.507058823529412,0.608235294117647,1.4429019607843137,3.552941176470588,2835.2941176470586,[9.13652296],0
7.607843137254902,1.127843137254902,424117.64705882355,1.9505882352941177,0.47058823529411764,5.553686274509804,5.68235294117647,2341.176470588235,[42.70103632],0
19.137254901960784,2.723921568627451,60588.23529411765,1.5988235294117648,0.8447058823529412,4.7550196078431375,3.317647058823529,3011.764705882353,inf,0
22.352941176470587,2.0164705882352942,185882.35294117648,1.1094117647058823,0.6470588235294118,5.506705882352941,5.047058823529412,1000.0,[4.99887273],0
10.980392156862745,1.516078431372549,221176.4705882353,3.663529411764706,0.5517647058823529,0.15094117647058825,3.9176470588235293,7035.294117647059,[33.94394019],0
20.07843137254902,1.447058823529412,81764.70588235294,1.0176470588235293,0.8694117647058824,1.4194117647058826,3.0470588235294116,3964.705882352941,inf,0
20.15686274509804,2.3529411764705888,212352.9411764706,2.072941176470588,0.5447058823529412,0.36235294117647066,4.517647058823529,4600.0,inf,0
6.03921568627451,2.3443137254901965,173529.4117647059,3.7094117647058824,0.34,3.909372549019608,5.341176470588236,2517.6470588235297,[3.20775773],0
18.588235294117645,2.9654901960784317,207058.82352941178,1.7670588235294118,0.4423529411764706,4.895960784313726,4.364705882352942,6188.235294117647,[3.57629994],0
16.470588235294116,2.7756862745098045,129411.76470588235,3.143529411764706,0.38235294117647056,4.7550196078431375,3.9058823529411764,9223.529411764706,inf,0
21.254901960784313,2.818823529411765,464705.8823529412,0.711764705882353,0.46705882352941175,3.3925882352941175,3.2705882352941176,6364.705882352941,[15.51758946],0
19.450980392156865,0.8690196078431374,425882.35294117645,2.1494117647058824,0.4035294117647059,5.201333333333333,3.3058823529411763,6752.941176470588,[16.16703919],0
9.411764705882353,2.8015686274509806,410000.0,1.1552941176470588,0.17411764705882354,4.731529411764706,3.364705882352941,2129.4117647058824,[21.52454191],0
9.725490196078432,2.7325490196078435,254705.88235294117,3.0976470588235294,0.5305882352941177,4.5670980392156855,3.3294117647058825,5376.470588235294,[15.79902635],0
22.03921568627451,1.5937254901960785,461176.4705882353,1.2317647058823529,0.5588235294117647,1.020078431372549,4.341176470588235,9364.70588235294,[20.21130074],0
9.725490196078432,2.7756862745098045,360588.23529411765,1.751764705882353,0.39294117647058824,1.1845098039215687,3.588235294117647,2376.470588235294,inf,0
6.901960784313726,1.9819607843137257,320000.0,0.7729411764705882,0.43176470588235294,2.359019607843137,4.317647058823529,4388.235294117647,[232.39072157],0
15.215686274509803,2.2149019607843137,383529.4117647059,3.5564705882352943,0.7529411764705882,4.426156862745098,4.423529411764706,3329.4117647058824,[2.07689192],0
23.607843137254903,2.6635294117647064,406470.5882352941,0.20705882352941177,0.28,5.9295294117647055,4.682352941176471,4070.5882352941176,[3520.41819966],0
10.980392156862745,2.171764705882353,265294.1176470588,0.5894117647058823,0.2976470588235294,5.060392156862745,5.5058823529411764,4282.35294117647,[72.30534678],0
23.058823529411764,2.068235294117647,228235.29411764705,3.847058823529412,0.2588235294117647,2.593921568627451,5.31764705882353,4352.941176470588,[3.66565756],0
19.215686274509803,2.3529411764705888,87058.82352941176,1.3694117647058823,0.16,2.993254901960784,5.752941176470588,6858.823529411765,[24.31199811],0
6.2745098039215685,1.4729411764705884,293529.4117647059,2.9447058823529413,0.1423529411764706,4.5670980392156855,5.6117647058823525,6858.823529411765,[266.67688299],0
23.45098039215686,2.706666666666667,270588.23529411765,0.11529411764705882,0.4494117647058824,4.191254901960784,4.258823529411765,7952.941176470588,[7849.37911321],0
4.9411764705882355,1.2227450980392158,477058.82352941175,0.6352941176470588,0.45999999999999996,4.44964705882353,4.529411764705882,8694.117647058823,[105.20053406],0
16.470588235294116,2.2494117647058824,318235.29411764705,0.5894117647058823,0.21647058823529414,3.1341960784313727,4.5058823529411764,8694.117647058823,[5285.75380724],0
22.352941176470587,2.68078431372549,466470.5882352941,1.6905882352941175,0.5164705882352941,5.859058823529412,5.5058823529411764,9576.470588235294,[6.45298835],0
11.764705882352942,1.783529411764706,196470.58823529413,0.5894117647058823,0.9929411764705883,1.0435686274509803,3.552941176470588,1458.8235294117646,inf,0
10.196078431372548,2.896470588235294,58823.529411764706,1.1400000000000001,1.0,2.852313725490196,4.741176470588235,9258.823529411764,[17.83502098],0
21.725490196078432,1.0674509803921568,397647.0588235294,1.751764705882353,0.4388235294117647,1.7482745098039216,4.435294117647059,1882.3529411764707,inf,0
10.431372549019608,2.8533333333333335,170000.0,3.3423529411764705,0.5270588235294118,5.83556862745098,4.047058823529412,9964.70588235294,[27.03585849],0
19.529411764705884,1.343529411764706,320000.0,2.608235294117647,0.13529411764705884,5.201333333333333,4.247058823529412,2835.2941176470586,[11.14165631],0
7.372549019607844,1.1623529411764706,191176.4705882353,1.9505882352941177,0.47058823529411764,5.553686274509804,5.68235294117647,2341.176470588235,[25.9507807],0
17.568627450980394,1.947450980392157,427647.0588235294,1.6294117647058823,0.2870588235294118,2.781843137254902,3.1176470588235294,9752.941176470587,[195.66387605],0
11.529411764705882,2.2666666666666666,80000.0,3.831764705882353,0.31176470588235294,2.828823529411765,3.376470588235294,9364.70588235294,[12.31952694],1
9.254901960784313,2.6376470588235295,374705.8823529412,2.9447058823529413,0.30823529411764705,3.157686274509804,5.835294117647059,2023.5294117647059,[8.76979648],1
19.058823529411764,1.1192156862745097,448823.5294117647,2.3329411764705883,0.6470588235294118,5.506705882352941,3.317647058823529,3011.764705882353,[4.96534779],1
10.745098039215687,2.275294117647059,494705.8823529412,3.5564705882352943,0.5094117647058823,3.110705882352941,5.952941176470588,9082.35294117647,[58.83232829],1
20.15686274509804,2.2580392156862743,438235.29411764705,3.0976470588235294,0.5447058823529412,3.909372549019608,5.270588235294118,4600.0,[3.95884776],1
9.725490196078432,2.7325490196078435,254705.88235294117,2.072941176470588,0.5305882352941177,4.5670980392156855,3.3294117647058825,5376.470588235294,[17.40056063],1
16.470588235294116,2.7756862745098045,122352.94117647059,1.7670588235294118,0.4423529411764706,4.778509803921568,4.364705882352942,6400.0,[3.80948826],1
18.588235294117645,2.9654901960784317,214117.64705882352,3.143529411764706,0.8305882352941176,5.083882352941177,3.5176470588235293,6752.941176470588,inf,1
11.215686274509803,1.9905882352941178,102941.17647058824,0.8952941176470587,0.8588235294117647,4.5670980392156855,5.952941176470588,4882.35294117647,[7.70109936],1
20.941176470588236,2.102745098039216,184117.64705882352,1.1552941176470588,0.17411764705882354,4.731529411764706,3.3411764705882354,7070.588235294118,[114.48483615],1
12.470588235294118,1.6454901960784314,402941.17647058825,1.5376470588235294,0.13176470588235295,2.147607843137255,5.8235294117647065,3258.823529411765,[299.51224443],1
14.117647058823529,2.8533333333333335,170000.0,3.2505882352941176,0.7317647058823529,4.426156862745098,4.529411764705882,7494.117647058823,[6.0297875],1
20.15686274509804,2.3529411764705888,214117.64705882352,1.9811764705882353,0.5447058823529412,3.909372549019608,5.270588235294118,4600.0,[3.52621404],1
9.803921568627452,2.8533333333333335,203529.41176470587,0.5588235294117647,0.13176470588235295,2.2415686274509805,5.964705882352941,8835.29411764706,[2247.66389128],1
20.941176470588236,2.102745098039216,468235.29411764705,3.327058823529412,0.908235294117647,4.144274509803921,5.023529411764706,3400.0,[2.2414443],1
22.666666666666668,2.2407843137254906,155882.35294117648,0.42117647058823526,0.7388235294117647,3.298627450980392,3.223529411764706,5941.176470588235,[12.56913405],1
8.07843137254902,2.9396078431372548,81764.70588235294,0.17647058823529413,0.5094117647058823,3.5805098039215686,4.364705882352942,1882.3529411764707,[5.82780365],1
18.666666666666664,1.2658823529411767,115294.11764705883,3.143529411764706,0.38235294117647056,5.013411764705882,3.317647058823529,5623.529411764706,[5.48910506],1
20.941176470588236,2.102745098039216,155882.35294117648,1.0635294117647058,0.8447058823529412,2.6878823529411764,5.247058823529412,1247.0588235294117,[4.21449129],1
16.15686274509804,1.3607843137254902,71176.4705882353,1.1094117647058823,0.6505882352941177,4.872470588235294,4.729411764705882,1423.5294117647059,[3.72585919],1
6.666666666666666,1.9905882352941178,219411.76470588235,2.072941176470588,0.5447058823529412,3.909372549019608,5.270588235294118,8058.823529411765,[589.37430134],1
20.15686274509804,2.2580392156862743,440000.0,0.62,0.25529411764705884,3.909372549019608,5.31764705882353,4600.0,[456.50180082],1
10.666666666666668,2.723921568627451,60588.23529411765,1.5988235294117648,0.16705882352941176,4.191254901960784,4.2823529411764705,9294.117647058823,[10.71891154],1
22.03921568627451,2.154509803921569,272352.9411764706,1.8894117647058826,0.9329411764705883,4.097294117647059,3.388235294117647,1070.5882352941176,inf,1
6.03921568627451,2.3443137254901965,173529.4117647059,1.7670588235294118,0.5694117647058824,4.473137254901961,4.2823529411764705,2517.6470588235297,[4.32549563],1
10.588235294117647,1.3176470588235296,374705.8823529412,3.7094117647058824,0.34,3.909372549019608,5.341176470588236,1105.8823529411766,[3.23741646],1
10.588235294117647,1.343529411764706,99411.76470588235,2.1494117647058824,0.8447058823529412,5.600666666666667,4.882352941176471,9611.764705882353,[87.79925993],1
22.352941176470587,2.0164705882352942,189411.76470588235,1.1094117647058823,0.9364705882352942,0.9965882352941177,4.952941176470588,1000.0,inf,1
22.980392156862745,2.2407843137254906,468235.29411764705,3.847058823529412,0.2588235294117647,2.617411764705882,5.741176470588235,4352.941176470588,[4.20891715],1
22.745098039215687,2.068235294117647,228235.29411764705,3.327058823529412,0.908235294117647,4.144274509803921,5.023529411764706,3400.0,inf,1
6.2745098039215685,1.1882352941176473,106470.58823529413,2.088235294117647,0.43176470588235294,3.110705882352941,3.2470588235294118,2023.5294117647059,[3.7818023],1
20.07843137254902,1.2658823529411767,260000.0,0.26823529411764707,0.8341176470588235,3.486549019607843,3.9529411764705884,4882.35294117647,[261.90797019],1
6.117647058823529,1.3607843137254902,71176.4705882353,1.1094117647058823,0.608235294117647,1.4429019607843137,3.552941176470588,2835.2941176470586,[55.39198986],1
16.07843137254902,1.1623529411764706,191176.4705882353,1.507058823529412,0.5941176470588235,4.825490196078431,4.776470588235294,1247.0588235294117,[3.82462821],1
17.490196078431374,1.7490196078431373,427647.0588235294,0.9105882352941176,0.13176470588235295,4.191254901960784,4.2823529411764705,5200.0,[4604.01979134],1
9.411764705882353,2.5254901960784317,410000.0,1.1552941176470588,0.17411764705882354,4.7080392156862745,3.364705882352941,2129.4117647058824,[35.49832717],1
20.15686274509804,2.3529411764705888,212352.9411764706,1.7364705882352942,0.45999999999999996,5.624156862745099,5.270588235294118,2058.823529411765,[3.41091399],1
16.235294117647058,1.5419607843137255,254705.88235294117,2.072941176470588,0.5447058823529412,0.36235294117647066,4.517647058823529,4529.411764705883,inf,1
11.372549019607842,1.3521568627450982,424117.64705882355,1.9505882352941177,0.3717647058823529,5.107372549019608,4.694117647058824,3294.1176470588234,[11.94282146],1
7.607843137254902,1.1364705882352943,155882.35294117648,2.18,0.47058823529411764,5.553686274509804,5.68235294117647,2341.176470588235,[6.87826223],1
18.03921568627451,2.068235294117647,72941.17647058824,3.847058823529412,0.2588235294117647,2.593921568627451,5.31764705882353,4352.941176470588,[3.60320254],1
16.15686274509804,1.3607843137254902,228235.29411764705,1.1094117647058823,0.6505882352941177,4.872470588235294,4.729411764705882,1247.0588235294117,[4.02736743],1
14.666666666666666,2.7843137254901964,365882.35294117645,3.1588235294117646,0.7141176470588235,3.909372549019608,5.270588235294118,4635.2941176470595,[4.2297743],1
20.15686274509804,2.3529411764705888,214117.64705882352,1.9811764705882353,0.5376470588235295,1.959686274509804,5.117647058823529,6858.823529411765,inf,1
15.215686274509803,2.1372549019607843,155882.35294117648,0.42117647058823526,0.7388235294117647,3.674470588235294,5.411764705882353,7635.294117647059,[15.52252995],1
18.588235294117645,1.447058823529412,482352.9411764706,0.2988235294117647,0.8235294117647058,3.6509803921568627,3.4,1317.6470588235293,[8.41318848],1
9.882352941176471,2.5686274509803924,477058.82352941175,0.6352941176470588,0.45999999999999996,4.44964705882353,4.529411764705882,4141.176470588235,[113.56415811],1
4.9411764705882355,1.231372549019608,364117.64705882355,3.648235294117647,0.19529411764705884,3.744941176470588,4.788235294117647,8694.117647058823,[217.75735566],1
10.509803921568627,0.8,189411.76470588235,1.6141176470588234,0.5270588235294118,5.83556862745098,4.047058823529412,9964.70588235294,[533.04643399],1
18.274509803921568,2.8533333333333335,170000.0,3.3423529411764705,0.2235294117647059,3.744941176470588,5.635294117647058,5976.470588235294,[3.64592028],1
9.803921568627452,2.3960784313725494,378235.29411764705,2.2411764705882353,0.8764705882352941,0.8086666666666666,3.8941176470588235,8835.29411764706,[110.09807801],1
16.313725490196077,2.75843137254902,470000.0,2.6694117647058824,0.4882352941176471,5.2483137254901955,5.976470588235294,9223.529411764706,[7.93807089],1
4.862745098039216,1.1623529411764706,191176.4705882353,1.507058823529412,0.43176470588235294,2.359019607843137,4.317647058823529,2835.2941176470586,[336.02531097],1
16.941176470588236,1.9819607843137257,320000.0,0.7729411764705882,0.608235294117647,1.4429019607843137,3.552941176470588,4635.2941176470595,[7.80964139],1
8.627450980392158,1.4125490196078432,342941.17647058825,2.547058823529412,0.4388235294117647,1.7482745098039216,4.447058823529412,6152.941176470588,[94.41344773],1
18.588235294117645,1.4384313725490196,364117.64705882355,3.648235294117647,0.4211764705882354,3.744941176470588,4.788235294117647,3576.470588235294,[4.27015528],1
20.15686274509804,2.2580392156862743,438235.29411764705,2.072941176470588,0.5447058823529412,3.909372549019608,3.5058823529411764,3470.5882352941176,[3.74994701],1
21.725490196078432,1.8784313725490196,330588.23529411765,0.6505882352941177,0.7,5.530196078431373,5.270588235294118,3505.8823529411766,[5.41574682],1
16.941176470588236,0.9811764705882353,205294.11764705883,0.88,0.2976470588235294,0.385843137254902,5.2823529411764705,3117.6470588235293,[20.91566528],1
11.294117647058822,1.2141176470588237,87058.82352941176,2.6694117647058824,0.548235294117647,4.7550196078431375,5.858823529411765,9788.235294117647,[35.45554595],1
11.215686274509803,1.9992156862745099,102941.17647058824,0.8952941176470587,0.8588235294117647,4.5670980392156855,5.952941176470588,4882.35294117647,[7.71736426],1
22.666666666666668,2.2149019607843137,468235.29411764705,3.327058823529412,0.908235294117647,4.167764705882353,4.929411764705883,3400.0,inf,1
18.588235294117645,1.4729411764705884,99411.76470588235,0.7576470588235293,0.9047058823529412,5.906039215686274,3.552941176470588,3576.470588235294,[4.08903212],1
18.588235294117645,1.4384313725490196,364117.64705882355,3.648235294117647,0.4211764705882354,3.744941176470588,4.788235294117647,3576.470588235294,[4.27015528],1
20.15686274509804,2.3615686274509806,438235.29411764705,2.072941176470588,0.5447058823529412,3.909372549019608,5.270588235294118,4600.0,[3.98331984],1
17.019607843137255,0.9035294117647059,245882.35294117648,3.5870588235294116,0.24823529411764708,5.64764705882353,4.7176470588235295,1917.6470588235293,[4.30534064],1
22.11764705882353,0.9207843137254903,99411.76470588235,0.7576470588235293,0.9047058823529412,5.906039215686274,5.952941176470588,8976.470588235294,[14.73391761],1
22.666666666666668,2.2407843137254906,468235.29411764705,3.327058823529412,0.908235294117647,4.144274509803921,5.023529411764706,3400.0,[2.32618486],1
16.627450980392155,1.619607843137255,57058.82352941176,2.3329411764705883,0.6470588235294118,5.48321568627451,3.4941176470588236,9611.764705882353,inf,1
19.058823529411764,1.1192156862745097,498235.29411764705,1.5988235294117648,0.6470588235294118,5.506705882352941,3.317647058823529,3011.764705882353,[24.5904449],1
10.980392156862745,2.1286274509803924,395882.35294117645,3.2505882352941176,0.8588235294117647,4.5670980392156855,5.811764705882353,4282.35294117647,[1.70514595],1
9.803921568627452,2.8533333333333335,203529.41176470587,0.5588235294117647,0.13176470588235295,2.2415686274509805,5.964705882352941,8835.29411764706,[2247.66389128],1
6.509803921568627,1.8611764705882354,346470.5882352941,3.418823529411765,0.34352941176470586,5.600666666666667,4.8,1458.8235294117646,[3.76307743],1
6.509803921568627,1.8611764705882354,346470.5882352941,3.418823529411765,0.34352941176470586,5.600666666666667,4.8,1458.8235294117646,[3.76307743],1
18.03921568627451,2.723921568627451,399411.76470588235,0.9105882352941176,0.6858823529411765,4.473137254901961,4.352941176470589,3152.9411764705883,[3.72516696],1
18.588235294117645,2.9654901960784317,207058.82352941178,1.7670588235294118,0.4423529411764706,4.895960784313726,4.364705882352942,6188.235294117647,[3.57629994],1
18.431372549019606,2.102745098039216,155882.35294117648,0.42117647058823526,0.7352941176470588,5.083882352941177,4.364705882352942,1670.5882352941176,[3.85167544],1
21.176470588235293,1.2658823529411767,111764.70588235295,3.143529411764706,0.38588235294117645,3.298627450980392,3.223529411764706,7070.588235294118,[6.11542073],1
20.15686274509804,2.3529411764705888,212352.9411764706,2.072941176470588,0.5447058823529412,3.909372549019608,5.270588235294118,4600.0,[3.51240128],1
20.07843137254902,1.2658823529411767,106470.58823529413,2.088235294117647,0.43176470588235294,3.486549019607843,3.9529411764705884,4882.35294117647,[4.63911337],1
19.607843137254903,1.0674509803921568,397647.0588235294,1.751764705882353,0.9294117647058824,5.060392156862745,3.8823529411764706,9223.529411764706,[9.86187921],1
21.725490196078432,1.1623529411764706,87058.82352941176,1.3694117647058823,0.16,2.9697647058823526,5.329411764705883,6858.823529411765,[622.47231613],1
17.80392156862745,1.0588235294117647,365882.35294117645,2.501176470588235,0.7388235294117647,3.6979607843137257,5.411764705882353,6894.117647058823,[8.70793244],1
20.15686274509804,2.2580392156862743,438235.29411764705,2.072941176470588,0.5447058823529412,3.909372549019608,5.270588235294118,4600.0,[4.06565606],1
6.666666666666666,2.335686274509804,145294.11764705883,3.847058823529412,0.21647058823529414,1.6073333333333333,5.952941176470588,8376.470588235294,[69.93601354],1
8.156862745098039,2.3529411764705888,104705.88235294117,2.914117647058824,0.6470588235294118,3.040235294117647,4.952941176470588,7741.176470588235,[7.30397295],1
14.03921568627451,1.8956862745098042,424117.64705882355,0.2988235294117647,0.8235294117647058,4.402666666666667,3.4,3682.3529411764707,[81.36046912],1
18.588235294117645,1.4298039215686276,482352.9411764706,0.46705882352941175,0.9223529411764706,4.379176470588235,5.8,5835.294117647059,[47.14885618],1
20.862745098039216,1.5764705882352943,166470.5882352941,1.1858823529411764,0.4423529411764706,3.9563529411764704,3.164705882352941,5164.705882352941,[7.28411233],1
11.058823529411764,2.8274509803921566,97647.05882352941,3.4647058823529413,0.14941176470588236,2.0536470588235294,5.223529411764706,5552.941176470588,inf,1
9.725490196078432,2.8533333333333335,177058.82352941175,1.5376470588235294,0.13176470588235295,5.788588235294117,4.894117647058824,6823.529411764706,[14.05548875],1
14.03921568627451,1.1192156862745097,371176.4705882353,0.6505882352941177,0.38588235294117645,2.147607843137255,5.8235294117647065,5235.294117647059,[753.08290266],1
6.8235294117647065,1.3176470588235296,383529.4117647059,3.5564705882352943,0.7529411764705882,4.426156862745098,3.9647058823529413,2905.8823529411766,[1.67512945],1
15.215686274509803,2.2149019607843137,374705.8823529412,1.751764705882353,0.4211764705882354,4.44964705882353,4.423529411764706,3329.4117647058824,[4.77928455],1
20.862745098039216,1.5764705882352943,166470.5882352941,3.4494117647058826,0.8941176470588235,3.9563529411764704,3.164705882352941,5164.705882352941,[2.16928334],1
4.549019607843137,2.9913725490196086,171764.70588235295,1.996470588235294,0.3788235294117648,5.2483137254901955,5.258823529411765,4564.7058823529405,[524.43321291],1
4.862745098039216,2.9913725490196086,244117.64705882352,0.19176470588235295,0.668235294117647,5.083882352941177,5.694117647058824,3752.9411764705883,[1113.16524677],1
23.372549019607842,2.7756862745098045,122352.94117647059,1.7670588235294118,0.4423529411764706,3.627490196078431,4.7176470588235295,6505.882352941177,[3.4079303],1
11.294117647058822,1.2141176470588237,87058.82352941176,2.6694117647058824,0.548235294117647,4.731529411764706,5.470588235294118,9788.235294117647,[34.86762634],1
22.980392156862745,0.9207843137254903,201764.70588235295,1.1858823529411764,0.6258823529411764,3.627490196078431,5.858823529411765,8517.64705882353,[14.35724436],1
5.490196078431373,2.007843137254902,81764.70588235294,0.9870588235294117,0.9682352941176471,0.4563137254901961,3.541176470588235,7529.411764705882,[1708.25434834],1
10.823529411764707,1.5764705882352943,189411.76470588235,3.0058823529411764,0.15294117647058825,2.593921568627451,3.1176470588235294,3858.823529411765,[14.9461978],1
18.588235294117645,1.4729411764705884,90588.23529411765,0.6047058823529411,0.34,5.906039215686274,3.552941176470588,3576.470588235294,[14.56676798],1
15.843137254901961,1.619607843137255,381764.70588235295,0.7576470588235293,0.8905882352941176,1.5368627450980392,3.776470588235294,6717.64705882353,[14.57322475],1
11.058823529411764,2.8274509803921566,97647.05882352941,1.1858823529411764,0.14941176470588236,0.03349019607843137,5.223529411764706,5552.941176470588,inf,1
8.156862745098039,2.3529411764705888,104705.88235294117,2.914117647058824,0.6470588235294118,5.060392156862745,4.952941176470588,7741.176470588235,[7.48702039],1
16.313725490196077,0.9811764705882353,205294.11764705883,2.6694117647058824,0.4882352941176471,4.942941176470589,3.9058823529411764,9223.529411764706,[13.14705036],1
16.941176470588236,2.75843137254902,470000.0,0.88,0.2976470588235294,0.385843137254902,5.2823529411764705,3117.6470588235293,inf,1
6.2745098039215685,1.4729411764705884,293529.4117647059,3.847058823529412,0.21647058823529414,1.6073333333333333,5.6117647058823525,6858.823529411765,[260.72265107],1
6.666666666666666,2.335686274509804,145294.11764705883,2.9447058823529413,0.1423529411764706,4.5670980392156855,5.952941176470588,8376.470588235294,[35.45465535],1
22.352941176470587,2.0164705882352942,185882.35294117648,1.1094117647058823,0.6470588235294118,5.506705882352941,5.047058823529412,1000.0,[4.99887273],1
19.215686274509803,2.3529411764705888,87058.82352941176,1.3694117647058823,0.16,2.9697647058823526,5.329411764705883,6858.823529411765,[24.41065123],1
15.137254901960784,2.2149019607843137,383529.4117647059,3.5258823529411765,0.7529411764705882,4.426156862745098,4.411764705882353,3329.4117647058824,[2.08159351],1
4.549019607843137,2.9913725490196086,171764.70588235295,1.9811764705882353,0.8305882352941176,5.2483137254901955,5.270588235294118,4564.7058823529405,[1.44386136],1
10.666666666666668,2.723921568627451,60588.23529411765,0.9105882352941176,0.6752941176470588,4.191254901960784,4.2823529411764705,1105.8823529411766,[3.95852552],1
18.03921568627451,2.723921568627451,399411.76470588235,1.5988235294117648,0.17764705882352944,4.473137254901961,4.352941176470589,3152.9411764705883,[6.02154609],1
22.11764705882353,0.9207843137254903,90588.23529411765,3.327058823529412,0.9047058823529412,5.906039215686274,5.952941176470588,8976.470588235294,[5.75140578],1
14.431372549019608,1.2831372549019608,438235.29411764705,0.7423529411764705,0.5129411764705882,4.050313725490196,3.6470588235294117,4917.64705882353,[59.73290649],1
9.647058823529413,2.102745098039216,155882.35294117648,0.42117647058823526,0.7388235294117647,3.674470588235294,5.435294117647059,2129.4117647058824,[4.77415086],1
21.019607843137255,2.8015686274509806,381764.70588235295,0.42117647058823526,0.7388235294117647,3.298627450980392,3.223529411764706,7070.588235294118,[20.07365316],1
9.803921568627452,1.4384313725490196,364117.64705882355,3.648235294117647,0.8235294117647058,4.402666666666667,3.4,1882.3529411764707,inf,1
18.666666666666664,2.6980392156862747,256470.58823529413,0.2988235294117647,0.4211764705882354,3.744941176470588,4.788235294117647,3576.470588235294,[29.71012203],1
20.15686274509804,2.3529411764705888,177058.82352941175,1.583529411764706,0.23411764705882354,5.788588235294117,5.270588235294118,4600.0,[5.26508144],1
14.117647058823529,1.9388235294117648,212352.9411764706,2.072941176470588,0.5447058823529412,3.8154117647058823,3.9647058823529413,8376.470588235294,[9.57949513],1
21.254901960784313,2.861960784313726,399411.76470588235,0.9105882352941176,0.6858823529411765,4.473137254901961,4.352941176470589,6364.705882352941,[4.73604826],1
18.03921568627451,2.68078431372549,464705.8823529412,0.711764705882353,0.46705882352941175,3.3925882352941175,3.2705882352941176,3152.9411764705883,[6.10441463],1
10.823529411764707,1.5764705882352943,189411.76470588235,3.0058823529411764,0.5164705882352941,2.593921568627451,3.388235294117647,6117.64705882353,[23.59841902],1
20.941176470588236,1.731764705882353,307647.0588235294,2.378823529411765,0.14941176470588236,0.2918823529411765,3.1176470588235294,3964.705882352941,inf,1
18.588235294117645,2.9309803921568633,395882.35294117645,3.2505882352941176,0.8870588235294118,4.5670980392156855,5.964705882352941,6188.235294117647,[3.85823445],1
11.215686274509803,1.8611764705882354,207058.82352941178,1.7670588235294118,0.4423529411764706,4.895960784313726,4.352941176470589,4882.35294117647,[9.92500775],1
8.627450980392158,1.4125490196078432,342941.17647058825,1.9811764705882353,0.8305882352941176,5.2483137254901955,4.5058823529411764,4529.411764705883,[10.7831322],1
4.549019607843137,2.9913725490196086,171764.70588235295,2.547058823529412,0.4388235294117647,1.7482745098039216,4.447058823529412,6188.235294117647,[2103.69357975],1
10.980392156862745,2.12,378235.29411764705,2.2411764705882353,0.8764705882352941,1.1140392156862746,6.0,4282.35294117647,inf,1
9.803921568627452,1.3003921568627452,399411.76470588235,3.2505882352941176,0.8588235294117647,4.5670980392156855,5.68235294117647,8835.29411764706,[11.39340096],1
22.666666666666668,0.9207843137254903,201764.70588235295,1.0788235294117647,0.14588235294117646,0.9261176470588236,5.541176470588235,8764.70588235294,[3155.43706464],1
6.745098039215686,2.068235294117647,392352.9411764706,0.2529411764705882,0.34,1.7012941176470588,4.258823529411765,4705.882352941177,[5217.65313236],1
11.372549019607842,1.3607843137254902,155882.35294117648,2.18,0.3717647058823529,5.107372549019608,4.694117647058824,3294.1176470588234,[8.0513383],1
12.470588235294118,1.6454901960784314,102941.17647058824,0.8952941176470587,0.7317647058823529,4.426156862745098,4.529411764705882,5517.64705882353,[7.34801611],1
10.901960784313726,1.2658823529411767,455882.35294117645,0.9105882352941176,0.4847058823529412,4.7550196078431375,4.6,7458.823529411765,[82.28263341],1
16.784313725490197,2.723921568627451,408235.29411764705,0.2529411764705882,0.7423529411764707,4.473137254901961,4.352941176470589,3152.9411764705883,[10.90677754],1
16.15686274509804,1.3607843137254902,72941.17647058824,1.1094117647058823,0.6505882352941177,4.872470588235294,4.729411764705882,1247.0588235294117,[3.87465909],1
9.176470588235293,1.343529411764706,99411.76470588235,2.1494117647058824,0.9364705882352942,0.9965882352941177,5.635294117647058,9611.764705882353,[10.52117697],1
9.725490196078432,2.75843137254902,316470.5882352941,2.8223529411764705,0.2588235294117647,1.959686274509804,3.8823529411764706,8200.0,[20.24453521],1
17.80392156862745,1.6282352941176472,254705.88235294117,3.0976470588235294,0.5305882352941177,4.5670980392156855,4.08235294117647,4952.941176470588,[4.7019285],1
23.137254901960784,2.0164705882352942,108235.29411764705,1.8894117647058826,0.2588235294117647,2.617411764705882,5.741176470588235,4352.941176470588,[4.38746952],1
22.431372549019606,2.068235294117647,228235.29411764705,3.1894117647058824,0.5976470588235294,0.9261176470588236,5.541176470588235,8764.70588235294,inf,1
5.098039215686274,1.3003921568627452,320000.0,3.143529411764706,0.43529411764705883,1.1610196078431372,5.035294117647059,4458.823529411765,[66.40553619],1
18.666666666666664,1.2658823529411767,113529.41176470587,3.923529411764706,0.7776470588235295,5.107372549019608,4.364705882352942,1670.5882352941176,[3.08560122],1
23.058823529411764,2.068235294117647,228235.29411764705,3.847058823529412,0.2588235294117647,0.9965882352941177,4.564705882352941,4352.941176470588,inf,1
10.588235294117647,1.343529411764706,99411.76470588235,2.1494117647058824,0.9364705882352942,2.593921568627451,5.635294117647058,9611.764705882353,[23.22299041],1
18.588235294117645,1.447058823529412,420588.23529411765,3.648235294117647,0.19529411764705884,3.744941176470588,3.2941176470588234,1317.6470588235293,[4.42004937],1
22.431372549019606,1.0243137254901962,364117.64705882355,1.996470588235294,0.1423529411764706,1.6308235294117648,5.8235294117647065,1000.0,inf,1
20.862745098039216,1.5764705882352943,166470.5882352941,3.4647058823529413,0.4423529411764706,3.674470588235294,4.788235294117647,5164.705882352941,[3.95310756],1
16.235294117647058,2.508235294117647,374705.8823529412,1.2776470588235296,0.29411764705882354,3.9563529411764704,3.164705882352941,4247.058823529412,[7.94678024],1
18.588235294117645,1.4729411764705884,99411.76470588235,0.7576470588235293,0.9047058823529412,5.906039215686274,3.7411764705882353,3576.470588235294,[4.05967303],1
16.235294117647058,2.508235294117647,374705.8823529412,1.2776470588235296,0.29411764705882354,3.674470588235294,4.6,4247.058823529412,[6.99795334],1
18.588235294117645,2.9654901960784317,207058.82352941178,1.7670588235294118,0.4423529411764706,4.895960784313726,4.364705882352942,6188.235294117647,[3.57629994],1
4.9411764705882355,1.887058823529412,221176.4705882353,1.568235294117647,0.851764705882353,4.0738039215686275,4.341176470588235,3047.0588235294117,[18.59440807],1
15.215686274509803,2.1372549019607843,268823.5294117647,0.42117647058823526,0.6470588235294118,5.506705882352941,4.823529411764706,3011.764705882353,[6.77759352],1
19.058823529411764,1.1192156862745097,494705.8823529412,2.3329411764705883,0.7388235294117647,3.674470588235294,5.411764705882353,5376.470588235294,[17.69209689],1
14.588235294117647,2.9913725490196086,171764.70588235295,1.9811764705882353,0.8305882352941176,5.2483137254901955,5.258823529411765,5058.823529411765,[4.99688645],1
10.901960784313726,1.3349019607843138,62352.94117647059,1.1858823529411764,0.7705882352941176,0.05698039215686275,5.117647058823529,4564.7058823529405,inf,1
6.901960784313726,2.723921568627451,60588.23529411765,1.5988235294117648,0.16705882352941176,4.191254901960784,4.2823529411764705,1141.1764705882354,[4.13267325],1
10.666666666666668,2.275294117647059,281176.4705882353,2.4705882352941178,0.2447058823529412,5.48321568627451,4.952941176470588,5623.529411764706,[12.77156293],1
4.549019607843137,2.9913725490196086,171764.70588235295,1.9811764705882353,0.8305882352941176,5.2483137254901955,5.258823529411765,4564.7058823529405,[1.44384718],1
11.058823529411764,2.8274509803921566,97647.05882352941,1.1858823529411764,0.14941176470588236,2.0536470588235294,5.223529411764706,5552.941176470588,[10.57177828],1
18.588235294117645,2.9654901960784317,207058.82352941178,1.7670588235294118,0.4423529411764706,4.895960784313726,4.364705882352942,6188.235294117647,[3.57629994],1
18.588235294117645,2.9654901960784317,207058.82352941178,1.7670588235294118,0.4423529411764706,4.895960784313726,4.364705882352942,6188.235294117647,[3.57629994],1
15.92156862745098,1.835294117647059,189411.76470588235,0.7576470588235293,0.23058823529411768,1.3489411764705883,4.741176470588235,3611.764705882353,[17.34547606],1
20.941176470588236,2.102745098039216,184117.64705882352,1.1552941176470588,0.17411764705882354,4.731529411764706,3.3411764705882354,7070.588235294118,[114.48483615],1
22.352941176470587,2.68078431372549,466470.5882352941,1.6905882352941175,0.5164705882352941,5.859058823529412,5.5058823529411764,8941.176470588234,[6.00362537],1
9.647058823529413,1.1192156862745097,371176.4705882353,0.6505882352941177,0.38588235294117645,5.788588235294117,4.894117647058824,7317.64705882353,[975.92460258],1
14.431372549019608,1.2831372549019608,429411.76470588235,3.311764705882353,0.5129411764705882,4.050313725490196,3.6470588235294117,4917.64705882353,[27.9560287],1
22.03921568627451,1.5937254901960785,461176.4705882353,1.2317647058823529,0.5588235294117647,1.020078431372549,4.341176470588235,9364.70588235294,[20.21130074],1
11.137254901960784,2.0509803921568626,175294.11764705883,3.311764705882353,0.2870588235294118,4.050313725490196,3.6470588235294117,4282.35294117647,[8.00290836],1
14.745098039215685,2.1286274509803924,395882.35294117645,3.2505882352941176,0.8588235294117647,4.5670980392156855,5.811764705882353,4917.64705882353,[2.25521706],1
16.627450980392155,2.8533333333333335,177058.82352941175,1.5376470588235294,0.13176470588235295,2.147607843137255,5.8235294117647065,3576.470588235294,[5.88128058],1
16.07843137254902,1.4384313725490196,364117.64705882355,3.648235294117647,0.4211764705882354,3.744941176470588,4.788235294117647,5235.294117647059,[7.31512967],1
18.588235294117645,1.4384313725490196,297058.8235294118,1.1094117647058823,0.6505882352941177,4.872470588235294,4.729411764705882,1317.6470588235293,[4.06807688],1
16.15686274509804,1.3607843137254902,138235.29411764705,3.648235294117647,0.4211764705882354,3.744941176470588,4.788235294117647,1247.0588235294117,[3.46455596],1
19.294117647058826,2.2149019607843137,383529.4117647059,3.5564705882352943,0.7247058823529412,2.1945882352941175,5.6117647058823525,4494.117647058823,inf,1
14.666666666666666,1.1537254901960785,282941.1764705882,0.1611764705882353,0.491764705882353,4.426156862745098,4.423529411764706,3329.4117647058824,[3066.53714526],1
20.54901960784314,1.2227450980392158,402941.17647058825,0.2223529411764706,0.7105882352941177,4.426156862745098,5.411764705882353,3682.3529411764707,[1091.63854539],1
11.215686274509803,1.7145098039215687,87058.82352941176,2.6694117647058824,0.548235294117647,4.7550196078431375,5.858823529411765,9788.235294117647,[28.2548642],1
21.254901960784313,2.818823529411765,471764.70588235295,1.6141176470588234,0.17764705882352944,5.624156862745099,5.2823529411764705,6647.058823529412,[22.27798186],1
16.235294117647058,1.5419607843137255,254705.88235294117,1.7364705882352942,0.45999999999999996,5.201333333333333,3.2941176470588234,1988.235294117647,[4.02166407],1
16.941176470588236,2.75843137254902,295294.1176470588,0.9105882352941176,0.17411764705882354,4.731529411764706,3.364705882352941,2129.4117647058824,[6.91022192],1
9.411764705882353,2.9396078431372548,410000.0,1.1552941176470588,0.13176470588235295,4.191254901960784,4.2823529411764705,5200.0,[3379.20315017],1
12.549019607843137,2.723921568627451,69411.76470588235,0.5435294117647058,0.4211764705882354,3.3221176470588234,4.4,2623.529411764706,[3.40551867],1
16.705882352941174,2.0941176470588236,60588.23529411765,2.868235294117647,0.13176470588235295,4.191254901960784,4.2823529411764705,5200.0,[5.13108207],1
16.15686274509804,2.2149019607843137,104705.88235294117,1.0941176470588236,0.10352941176470588,1.5368627450980392,5.2,5447.058823529412,[318.91954491],1
15.137254901960784,2.56,383529.4117647059,3.5564705882352943,0.7529411764705882,4.426156862745098,4.423529411764706,3329.4117647058824,[2.10177678],1
6.196078431372549,1.835294117647059,189411.76470588235,0.7576470588235293,0.15647058823529414,3.110705882352941,3.2470588235294118,2023.5294117647059,[585.42444042],1
16.0,1.1882352941176473,260000.0,0.26823529411764707,0.908235294117647,1.3489411764705883,4.741176470588235,4176.470588235294,[92.28780534],1
20.941176470588236,2.102745098039216,155882.35294117648,1.0635294117647058,0.8376470588235294,5.694627450980392,5.247058823529412,1423.5294117647059,[3.95434103],1
10.431372549019608,2.8533333333333335,170000.0,3.3423529411764705,0.5341176470588236,2.828823529411765,4.047058823529412,9964.70588235294,[29.8416289],1
22.11764705882353,0.8862745098039216,364117.64705882355,3.648235294117647,0.19529411764705884,3.744941176470588,4.788235294117647,1070.5882352941176,[4.66837139],1
19.529411764705884,1.343529411764706,320000.0,0.6505882352941177,0.13529411764705884,5.201333333333333,4.247058823529412,2835.2941176470586,[2994.83435883],1
15.294117647058824,1.2486274509803923,364117.64705882355,3.4647058823529413,0.2835294117647059,4.426156862745098,5.764705882352941,3152.9411764705883,[6.30990372],1
20.862745098039216,1.5764705882352943,171764.70588235295,0.8952941176470587,0.4423529411764706,3.9563529411764704,3.164705882352941,5164.705882352941,[12.03784564],1
22.352941176470587,2.145882352941177,256470.58823529413,0.3141176470588235,0.6470588235294118,5.506705882352941,5.047058823529412,1000.0,[5.27038305],1
9.882352941176471,2.5686274509803924,185882.35294117648,1.0941176470588236,0.8235294117647058,4.402666666666667,3.4,1882.3529411764707,[4.58032601],1
16.941176470588236,1.947450980392157,427647.0588235294,1.6294117647058823,0.2870588235294118,3.604,4.576470588235294,9188.235294117647,[81.26433258],1
18.980392156862745,3.0,399411.76470588235,2.623529411764706,0.6717647058823529,4.473137254901961,4.352941176470589,3152.9411764705883,[3.28783356],1
4.549019607843137,2.9913725490196086,171764.70588235295,1.9811764705882353,0.8305882352941176,5.2483137254901955,5.258823529411765,4564.7058823529405,[1.44384718],1
9.254901960784313,2.542745098039216,92352.94117647059,2.9447058823529413,0.30823529411764705,3.157686274509804,5.835294117647059,2023.5294117647059,[5.17578955],1
11.294117647058822,1.2141176470588237,87058.82352941176,2.6694117647058824,0.5164705882352941,3.909372549019608,5.294117647058823,9788.235294117647,[31.40102072],1
6.03921568627451,2.3443137254901965,173529.4117647059,3.7094117647058824,0.34352941176470586,4.7550196078431375,5.905882352941177,2517.6470588235297,[3.36137202],1
18.666666666666664,1.2658823529411767,427647.0588235294,3.2658823529411762,0.9435294117647058,5.9765098039215685,5.235294117647059,5623.529411764706,[3.23944074],1
18.745098039215684,1.2658823529411767,115294.11764705883,3.143529411764706,0.38235294117647056,5.083882352941177,4.3882352941176475,1705.8823529411766,[3.4784303],1
9.411764705882353,2.8015686274509806,410000.0,1.1552941176470588,0.17411764705882354,4.731529411764706,3.364705882352941,2129.4117647058824,[21.52454191],1
6.8235294117647065,1.3176470588235296,374705.8823529412,1.7670588235294118,0.5905882352941176,3.9563529411764704,4.1647058823529415,2905.8823529411766,[67.42065767],1
16.235294117647058,1.5419607843137255,254705.88235294117,2.715294117647059,0.45999999999999996,5.624156862745099,5.270588235294118,1988.235294117647,[3.60867751],1
10.823529411764707,1.9647058823529413,471764.70588235295,2.0270588235294116,0.5164705882352941,2.593921568627451,3.1176470588235294,3858.823529411765,[30.16082116],1
17.80392156862745,1.0588235294117647,365882.35294117645,3.0058823529411764,0.16705882352941176,4.191254901960784,4.2823529411764705,1247.0588235294117,[4.90892415],1
10.666666666666668,2.723921568627451,60588.23529411765,1.6141176470588234,0.8447058823529412,2.6878823529411764,5.247058823529412,1105.8823529411766,[3.35643835],1
12.313725490196079,2.2407843137254906,468235.29411764705,3.327058823529412,0.908235294117647,4.144274509803921,5.023529411764706,3470.5882352941176,[1.90961902],1
22.666666666666668,2.0941176470588236,60588.23529411765,2.501176470588235,0.4211764705882354,3.3221176470588234,4.4,2552.9411764705883,[3.22391974],1
10.03921568627451,1.9647058823529413,155882.35294117648,1.0635294117647058,0.8447058823529412,2.6878823529411764,5.247058823529412,1635.2941176470588,[3.85908709],1
20.941176470588236,2.068235294117647,80000.0,3.5105882352941173,0.5270588235294118,5.3422745098039215,5.329411764705883,2552.9411764705883,inf,1
10.431372549019608,2.8533333333333335,170000.0,3.3423529411764705,0.5341176470588236,5.83556862745098,4.047058823529412,8835.29411764706,[24.9714785],1
11.607843137254902,2.0164705882352942,238823.5294117647,3.923529411764706,0.7741176470588236,2.429490196078431,5.870588235294118,9082.35294117647,[5.02911751],1
23.058823529411764,2.0941176470588236,201764.70588235295,1.2317647058823529,0.5976470588235294,0.9261176470588236,5.541176470588235,8800.0,inf,1
22.666666666666668,0.8949019607843138,228235.29411764705,3.847058823529412,0.2588235294117647,2.617411764705882,5.741176470588235,4317.64705882353,[5.29156071],1
13.254901960784315,0.8690196078431374,254705.88235294117,1.7364705882352942,0.45999999999999996,5.624156862745099,5.3882352941176475,8552.941176470587,[286.61680466],1
16.235294117647058,1.5419607843137255,94117.64705882352,2.6541176470588232,0.8447058823529412,1.2784705882352942,5.835294117647059,1988.235294117647,inf,1
6.980392156862745,0.8690196078431374,94117.64705882352,2.592941176470588,0.2447058823529412,5.48321568627451,4.952941176470588,5658.823529411765,[199.13908941],1
13.176470588235293,2.275294117647059,281176.4705882353,2.531764705882353,0.8447058823529412,1.2784705882352942,5.952941176470588,8552.941176470587,inf,1
6.117647058823529,1.4125490196078432,342941.17647058825,2.547058823529412,0.4388235294117647,1.7482745098039216,4.447058823529412,6152.941176470588,[480.18488363],1
21.725490196078432,1.343529411764706,99411.76470588235,2.1494117647058824,0.9364705882352942,0.9965882352941177,5.635294117647058,9611.764705882353,inf,1
10.588235294117647,1.24,471764.70588235295,3.0058823529411764,0.5164705882352941,2.593921568627451,3.1176470588235294,3858.823529411765,[23.25148202],1
9.568627450980392,1.9388235294117648,323529.4117647059,1.1705882352941177,0.5411764705882353,5.506705882352941,5.435294117647059,1458.8235294117646,[6.98088731],1
11.215686274509803,1.8266666666666667,60588.23529411765,1.5988235294117648,0.6470588235294118,5.48321568627451,3.6941176470588237,4882.35294117647,[8.02258074],1
16.627450980392155,1.619607843137255,395882.35294117645,3.128235294117647,0.8870588235294118,4.5670980392156855,5.752941176470588,9611.764705882353,[14.90163637],1
19.058823529411764,1.1105882352941177,268823.5294117647,2.072941176470588,0.5447058823529412,3.909372549019608,5.576470588235294,3011.764705882353,[4.04397358],1
20.15686274509804,2.3615686274509806,480588.23529411765,2.3329411764705883,0.6470588235294118,5.506705882352941,3.011764705882353,4882.35294117647,[4.17330033],1
5.803921568627451,2.4305882352941177,260000.0,1.0941176470588236,0.19176470588235295,4.96643137254902,4.141176470588235,7035.294117647059,[6639.88692931],1
20.15686274509804,2.3529411764705888,438235.29411764705,2.072941176470588,0.5447058823529412,3.909372549019608,5.270588235294118,4564.7058823529405,[3.98339281],1
14.117647058823529,1.9388235294117648,177058.82352941175,1.583529411764706,0.23411764705882354,5.694627450980392,3.9647058823529413,8376.470588235294,[20.52564289],1
20.470588235294116,1.7231372549019608,402941.17647058825,0.2223529411764706,0.7105882352941177,4.426156862745098,5.411764705882353,3682.3529411764707,[467.74692396],1
10.352941176470587,3.0,69411.76470588235,0.9105882352941176,0.5305882352941177,2.359019607843137,5.905882352941177,5129.411764705882,[4.68040446],1
16.941176470588236,2.723921568627451,427647.0588235294,0.88,0.13176470588235295,4.191254901960784,4.2823529411764705,5200.0,[1554.49273737],1
11.529411764705882,1.2745098039215688,99411.76470588235,2.1494117647058824,0.9364705882352942,0.9965882352941177,5.635294117647058,7635.294117647059,[6.82704773],1
9.176470588235293,1.3349019607843138,265294.1176470588,3.4952941176470587,0.24823529411764708,5.906039215686274,5.670588235294117,9611.764705882353,[840.6422309],1
15.215686274509803,2.1372549019607843,157647.0588235294,3.5564705882352943,0.7529411764705882,4.426156862745098,4.423529411764706,3258.823529411765,[2.07612346],1
15.215686274509803,2.2149019607843137,381764.70588235295,0.42117647058823526,0.7388235294117647,3.674470588235294,5.411764705882353,7705.882352941177,[105.9934936],1
17.80392156862745,1.0588235294117647,380000.0,3.923529411764706,0.7741176470588236,2.429490196078431,6.0,1247.0588235294117,[3.47348754],1
11.607843137254902,2.154509803921569,224705.88235294117,3.021176470588235,0.8447058823529412,2.6878823529411764,5.870588235294118,9082.35294117647,[9.05421934],1
4.862745098039216,2.0941176470588236,60588.23529411765,2.501176470588235,0.4211764705882354,3.3221176470588234,4.317647058823529,6788.235294117647,[1848.88208151],1
12.313725490196079,2.0509803921568626,175294.11764705883,3.7705882352941176,0.39647058823529413,3.5805098039215686,5.152941176470588,2623.529411764706,[4.00251423],1
11.215686274509803,1.8266666666666667,57058.82352941176,0.43647058823529417,0.8870588235294118,4.5670980392156855,5.952941176470588,4882.35294117647,[5.53778717],1
6.980392156862745,2.3011764705882354,395882.35294117645,3.1588235294117646,0.4988235294117648,0.15094117647058825,5.270588235294118,7423.529411764706,[411.26182757],1
20.15686274509804,2.3529411764705888,212352.9411764706,1.9811764705882353,0.5447058823529412,3.909372549019608,5.270588235294118,4600.0,[3.51985568],1
21.725490196078432,1.0674509803921568,397647.0588235294,1.751764705882353,0.9294117647058824,5.060392156862745,3.8823529411764706,9223.529411764706,[8.22847523],1
11.215686274509803,1.24,80000.0,3.5105882352941173,0.4988235294117648,5.31878431372549,5.376470588235295,7458.823529411765,[28.70474157],1
6.901960784313726,2.723921568627451,69411.76470588235,0.9105882352941176,0.13176470588235295,4.191254901960784,4.2823529411764705,4952.941176470588,[17.02041322],1
19.215686274509803,2.3529411764705888,87058.82352941176,1.3694117647058823,0.16,5.9295294117647055,3.2823529411764705,5164.705882352941,[14.04206311],2
20.862745098039216,1.5764705882352943,166470.5882352941,3.4647058823529413,0.4423529411764706,3.7214509803921567,5.329411764705883,6858.823529411765,[4.68781547],2
11.215686274509803,1.24,80000.0,3.5105882352941173,0.4988235294117648,3.744941176470588,4.788235294117647,7458.823529411765,[26.28242653],2
16.07843137254902,1.4384313725490196,364117.64705882355,3.648235294117647,0.4211764705882354,5.31878431372549,5.376470588235295,5235.294117647059,[7.32053314],2
22.352941176470587,1.3176470588235296,381764.70588235295,1.6905882352941175,0.5164705882352941,5.859058823529412,5.5058823529411764,8941.176470588234,[13.21535607],2
10.588235294117647,2.68078431372549,459411.76470588235,3.7094117647058824,0.34,3.909372549019608,5.341176470588236,1105.8823529411766,[3.82435416],2
6.8235294117647065,1.3176470588235296,256470.58823529413,0.2988235294117647,0.4211764705882354,4.426156862745098,3.9647058823529413,2905.8823529411766,[1837.97974108],2
18.666666666666664,2.6980392156862747,383529.4117647059,3.5564705882352943,0.7529411764705882,3.744941176470588,4.788235294117647,3576.470588235294,[2.4323551],2
19.372549019607845,1.1192156862745097,448823.5294117647,2.3329411764705883,0.64,5.506705882352941,5.2,3011.764705882353,[4.42599778],2
12.313725490196079,2.0509803921568626,175294.11764705883,3.7705882352941176,0.39647058823529413,3.5805098039215686,3.2705882352941176,2623.529411764706,[3.9254951],2
6.8235294117647065,1.3176470588235296,383529.4117647059,3.5564705882352943,0.7529411764705882,4.426156862745098,3.9647058823529413,2905.8823529411766,[1.67512945],2
6.2745098039215685,1.1882352941176473,106470.58823529413,2.088235294117647,0.43176470588235294,3.110705882352941,3.2470588235294118,2023.5294117647059,[3.7818023],2
6.8235294117647065,1.3176470588235296,173529.4117647059,1.7670588235294118,0.64,4.426156862745098,3.9647058823529413,2905.8823529411766,[5.07520835],2
6.03921568627451,2.3443137254901965,383529.4117647059,3.5564705882352943,0.6823529411764706,4.473137254901961,4.2823529411764705,2517.6470588235297,inf,2
20.15686274509804,2.3529411764705888,244117.64705882352,0.88,0.2976470588235294,0.385843137254902,5.2823529411764705,3117.6470588235293,inf,2
16.941176470588236,2.75843137254902,440000.0,1.9811764705882353,0.5447058823529412,3.909372549019608,5.270588235294118,4600.0,[4.40783814],2
18.588235294117645,1.4729411764705884,90588.23529411765,0.6047058823529411,0.34,5.953019607843137,3.552941176470588,3576.470588235294,[14.58163713],2
16.941176470588236,1.9819607843137257,320000.0,0.7729411764705882,0.608235294117647,1.395921568627451,3.552941176470588,4635.2941176470595,inf,2
18.588235294117645,1.4384313725490196,297058.8235294118,1.0941176470588236,0.7388235294117647,3.674470588235294,5.411764705882353,5835.294117647059,[7.17062731],2
15.215686274509803,2.1372549019607843,155882.35294117648,0.43647058823529417,0.6505882352941177,4.872470588235294,4.729411764705882,3117.6470588235293,[4.7120302],2
9.725490196078432,2.75843137254902,316470.5882352941,2.8223529411764705,0.2588235294117647,1.959686274509804,3.8823529411764706,8200.0,[20.24453521],2
11.215686274509803,1.8266666666666667,60588.23529411765,1.5988235294117648,0.6470588235294118,5.48321568627451,3.6941176470588237,4882.35294117647,[8.02258074],2
19.058823529411764,1.1105882352941177,268823.5294117647,2.072941176470588,0.11764705882352941,4.28521568627451,5.576470588235294,3011.764705882353,[39.57918113],2
6.03921568627451,2.3443137254901965,173529.4117647059,1.7670588235294118,0.9964705882352941,4.097294117647059,4.2823529411764705,2517.6470588235297,[1.80838234],2
18.588235294117645,1.4729411764705884,90588.23529411765,0.6047058823529411,0.34,5.906039215686274,5.270588235294118,3576.470588235294,[13.6479173],2
20.15686274509804,2.3529411764705888,212352.9411764706,1.7364705882352942,0.45999999999999996,5.624156862745099,3.552941176470588,2058.823529411765,[3.48290473],2
22.666666666666668,0.8949019607843138,228235.29411764705,3.847058823529412,0.2588235294117647,2.617411764705882,5.741176470588235,4317.64705882353,[5.29156071],2
16.941176470588236,0.9811764705882353,205294.11764705883,0.88,0.2976470588235294,0.385843137254902,5.2823529411764705,3117.6470588235293,[20.91566528],2
14.745098039215685,2.1372549019607843,228235.29411764705,3.847058823529412,0.26588235294117646,4.5670980392156855,5.811764705882353,4917.64705882353,[5.34490155],2
23.058823529411764,2.059607843137255,395882.35294117645,3.2505882352941176,0.851764705882353,0.9965882352941177,4.517647058823529,4352.941176470588,inf,2
8.156862745098039,2.3529411764705888,104705.88235294117,2.745882352941176,0.29411764705882354,3.979843137254902,4.952941176470588,7741.176470588235,[23.47526945],2
16.235294117647058,2.508235294117647,374705.8823529412,1.4458823529411766,0.6470588235294118,3.0167450980392156,3.164705882352941,4247.058823529412,inf,2
18.980392156862745,3.0,399411.76470588235,2.868235294117647,0.12823529411764706,4.473137254901961,4.352941176470589,3152.9411764705883,[4.36620836],2
16.705882352941174,2.6462745098039218,173529.4117647059,2.608235294117647,0.6752941176470588,4.191254901960784,4.2823529411764705,5200.0,inf,2
18.745098039215684,1.3176470588235296,399411.76470588235,2.623529411764706,0.6717647058823529,4.473137254901961,4.352941176470589,3152.9411764705883,[3.79685966],2
10.823529411764707,3.0,374705.8823529412,3.7094117647058824,0.34,3.909372549019608,5.341176470588236,1105.8823529411766,[3.59414578],2
20.862745098039216,1.6109803921568628,166470.5882352941,3.4647058823529413,0.5094117647058823,5.177843137254902,4.364705882352942,1917.6470588235293,[3.16050081],2
18.431372549019606,2.102745098039216,155882.35294117648,0.42117647058823526,0.668235294117647,3.674470588235294,4.788235294117647,5200.0,[9.81865431],2
21.176470588235293,1.2658823529411767,111764.70588235295,3.143529411764706,0.38588235294117645,3.298627450980392,3.223529411764706,7070.588235294118,[6.11542073],2
16.235294117647058,2.508235294117647,374705.8823529412,3.235294117647059,0.29411764705882354,3.674470588235294,4.6,4247.058823529412,[4.51149771],2
12.549019607843137,2.723921568627451,117058.82352941176,1.9811764705882353,0.8305882352941176,3.3221176470588234,4.4,2623.529411764706,[2.23124855],2
8.627450980392158,1.4125490196078432,295294.1176470588,0.5435294117647058,0.4211764705882354,5.2483137254901955,4.5058823529411764,4529.411764705883,[1326.71680452],2
18.588235294117645,2.8533333333333335,170000.0,3.3423529411764705,0.2235294117647059,3.744941176470588,4.364705882352942,6188.235294117647,[3.63871823],2
18.274509803921568,2.9654901960784317,207058.82352941178,1.7670588235294118,0.4423529411764706,4.895960784313726,5.635294117647058,5976.470588235294,[3.5982565],2
8.705882352941178,1.2658823529411767,115294.11764705883,3.143529411764706,0.38235294117647056,5.083882352941177,4.3882352941176475,1635.2941176470588,[2.33760034],2
18.666666666666664,1.4125490196078432,342941.17647058825,2.547058823529412,0.4388235294117647,1.7482745098039216,4.447058823529412,6223.529411764706,[7.16315749],2
11.294117647058822,1.2486274509803923,212352.9411764706,1.7364705882352942,0.45999999999999996,5.412745098039216,5.294117647058823,9788.235294117647,[50.76420466],2
20.15686274509804,2.3184313725490195,87058.82352941176,2.914117647058824,0.5164705882352941,5.624156862745099,5.270588235294118,2058.823529411765,[3.16360809],2
6.901960784313726,2.723921568627451,60588.23529411765,1.5988235294117648,0.16705882352941176,4.191254901960784,4.2823529411764705,1141.1764705882354,[4.13267325],2
20.15686274509804,2.3529411764705888,212352.9411764706,1.7364705882352942,0.45999999999999996,5.624156862745099,5.270588235294118,2058.823529411765,[3.41091399],2
6.03921568627451,2.3443137254901965,173529.4117647059,3.7094117647058824,0.34352941176470586,4.7550196078431375,5.905882352941177,2517.6470588235297,[3.36137202],2
9.803921568627452,1.3003921568627452,399411.76470588235,3.2505882352941176,0.8588235294117647,4.5670980392156855,5.68235294117647,8835.29411764706,[11.39340096],2
12.313725490196079,2.2407843137254906,468235.29411764705,3.327058823529412,0.908235294117647,4.144274509803921,5.023529411764706,3470.5882352941176,[1.90961902],2
22.11764705882353,0.9207843137254903,90588.23529411765,3.327058823529412,0.9047058823529412,5.906039215686274,5.952941176470588,8976.470588235294,[5.75140578],2
18.588235294117645,1.4729411764705884,104705.88235294117,0.7576470588235293,0.9047058823529412,5.906039215686274,3.552941176470588,3576.470588235294,[4.10545355],2
10.352941176470587,3.0,64117.64705882353,0.9105882352941176,0.5305882352941177,2.359019607843137,5.905882352941177,5129.411764705882,[4.64579411],2
16.15686274509804,0.9035294117647059,245882.35294117648,3.5564705882352943,0.6505882352941177,4.872470588235294,4.729411764705882,1247.0588235294117,[3.3981086],2
17.019607843137255,1.3607843137254902,72941.17647058824,1.1400000000000001,0.24823529411764708,5.64764705882353,4.7176470588235295,1917.6470588235293,[4.59755445],2
16.941176470588236,1.9819607843137257,320000.0,0.7729411764705882,0.608235294117647,1.4429019607843137,3.4823529411764707,4635.2941176470595,inf,2
20.07843137254902,1.2658823529411767,106470.58823529413,2.088235294117647,0.43176470588235294,3.486549019607843,4.023529411764706,4882.35294117647,[4.60828069],2
22.666666666666668,2.206274509803922,157647.0588235294,3.327058823529412,0.908235294117647,4.144274509803921,5.023529411764706,3400.0,inf,2
15.215686274509803,2.171764705882353,468235.29411764705,3.5564705882352943,0.7529411764705882,4.426156862745098,4.423529411764706,3258.823529411765,[2.12799708],2
20.15686274509804,2.2580392156862743,438235.29411764705,2.378823529411765,0.2588235294117647,2.593921568627451,5.31764705882353,3470.5882352941176,[4.53935688],2
18.03921568627451,2.068235294117647,72941.17647058824,3.5411764705882356,0.5447058823529412,3.909372549019608,3.5058823529411764,4352.941176470588,inf,2
9.568627450980392,2.5686274509803924,473529.4117647059,0.6352941176470588,0.45999999999999996,4.44964705882353,4.529411764705882,5270.588235294118,[495.26289958],2
23.686274509803923,2.7756862745098045,122352.94117647059,1.7670588235294118,0.4423529411764706,3.627490196078431,4.7176470588235295,6505.882352941177,[3.41714452],2
16.07843137254902,1.447058823529412,122352.94117647059,1.7670588235294118,0.5341176470588236,3.744941176470588,4.788235294117647,5235.294117647059,[5.44666463],2
16.470588235294116,2.767058823529412,364117.64705882355,3.648235294117647,0.32941176470588235,4.778509803921568,4.364705882352942,6400.0,[5.04003117],2
10.352941176470587,3.0,364117.64705882355,3.648235294117647,0.4211764705882354,3.744941176470588,4.788235294117647,3717.6470588235293,[10.80234685],2
18.588235294117645,1.4384313725490196,69411.76470588235,0.9105882352941176,0.5305882352941177,2.359019607843137,5.905882352941177,4988.235294117647,[5.89404511],2
10.666666666666668,2.723921568627451,60588.23529411765,1.6141176470588234,0.8447058823529412,2.946274509803921,4.4,1105.8823529411766,[3.36555581],2
22.666666666666668,2.0941176470588236,60588.23529411765,2.501176470588235,0.4211764705882354,3.063725490196078,5.247058823529412,2552.9411764705883,[3.2361325],2
11.607843137254902,2.154509803921569,224705.88235294117,2.9905882352941178,0.6188235294117648,2.6878823529411764,5.894117647058824,9082.35294117647,[28.39901954],2
18.588235294117645,1.447058823529412,482352.9411764706,0.32941176470588235,0.8235294117647058,3.6509803921568627,3.4,1317.6470588235293,[7.36163849],2
6.509803921568627,1.8611764705882354,346470.5882352941,3.418823529411765,0.34352941176470586,5.2483137254901955,5.270588235294118,1458.8235294117646,[3.39847573],2
14.588235294117647,2.9913725490196086,171764.70588235295,1.9811764705882353,0.8305882352941176,5.600666666666667,4.788235294117647,5058.823529411765,[4.66259935],2
11.294117647058822,1.2141176470588237,87058.82352941176,2.6694117647058824,0.548235294117647,4.731529411764706,5.470588235294118,9788.235294117647,[34.86762634],2
16.941176470588236,2.75843137254902,295294.1176470588,0.9105882352941176,0.17411764705882354,4.731529411764706,3.364705882352941,2129.4117647058824,[6.91022192],2
10.666666666666668,2.68078431372549,173529.4117647059,0.9105882352941176,0.6752941176470588,4.191254901960784,4.2823529411764705,1105.8823529411766,[4.21556645],2
10.823529411764707,1.619607843137255,76470.58823529413,3.0058823529411764,0.5164705882352941,2.593921568627451,3.388235294117647,6117.64705882353,[14.20844011],2
17.80392156862745,1.0588235294117647,380000.0,3.923529411764706,0.7741176470588236,2.429490196078431,6.0,1247.0588235294117,[3.47348754],2
16.941176470588236,0.9811764705882353,205294.11764705883,0.88,0.2976470588235294,0.385843137254902,5.2823529411764705,3117.6470588235293,[20.91566528],2
9.882352941176471,2.5686274509803924,185882.35294117648,1.0941176470588236,0.8235294117647058,5.2483137254901955,5.658823529411764,1882.3529411764707,[4.87399226],2
16.313725490196077,2.75843137254902,470000.0,2.6694117647058824,0.4882352941176471,4.402666666666667,3.7176470588235295,9223.529411764706,[8.2460747],2
10.980392156862745,2.1286274509803924,395882.35294117645,3.2505882352941176,0.8588235294117647,4.872470588235294,4.682352941176471,4282.35294117647,[1.71128203],2
16.15686274509804,1.3607843137254902,71176.4705882353,1.1094117647058823,0.6505882352941177,4.5670980392156855,5.858823529411765,1423.5294117647059,[3.77400493],2
22.666666666666668,2.2407843137254906,155882.35294117648,0.42117647058823526,0.7388235294117647,3.298627450980392,3.223529411764706,5941.176470588235,[12.56913405],2
18.588235294117645,2.9654901960784317,207058.82352941178,1.7670588235294118,0.4423529411764706,4.895960784313726,4.364705882352942,6188.235294117647,[3.57629994],2
9.254901960784313,2.3529411764705888,104705.88235294117,2.914117647058824,0.6470588235294118,5.036901960784314,5.835294117647059,2023.5294117647059,[2.28583815],2
8.156862745098039,2.6376470588235295,374705.8823529412,2.9447058823529413,0.30823529411764705,3.181176470588235,4.952941176470588,7741.176470588235,[81.95796766],2
22.352941176470587,2.0164705882352942,60588.23529411765,1.1094117647058823,0.6470588235294118,5.506705882352941,5.047058823529412,1000.0,[4.98820933],2
10.666666666666668,2.723921568627451,185882.35294117648,1.5988235294117648,0.16705882352941176,4.191254901960784,4.2823529411764705,9294.117647058823,[17.07683885],2
18.666666666666664,2.6980392156862747,256470.58823529413,0.2988235294117647,0.4211764705882354,3.744941176470588,4.364705882352942,1882.3529411764707,[8.084822],2
8.07843137254902,1.835294117647059,88823.5294117647,0.17647058823529413,0.39647058823529413,3.5805098039215686,4.788235294117647,3717.6470588235293,[690.52064618],2
14.27450980392157,1.3607843137254902,71176.4705882353,1.1094117647058823,0.6505882352941177,4.872470588235294,4.729411764705882,1423.5294117647059,[3.73613642],2
20.941176470588236,1.1192156862745097,448823.5294117647,2.3329411764705883,0.6470588235294118,5.506705882352941,3.317647058823529,3011.764705882353,[3.9906403],2
17.647058823529413,0.8949019607843138,228235.29411764705,3.847058823529412,0.2588235294117647,2.617411764705882,5.729411764705882,6188.235294117647,[10.19312437],2
23.607843137254903,2.9654901960784317,207058.82352941178,1.7670588235294118,0.4423529411764706,4.895960784313726,4.376470588235295,4317.64705882353,[3.05911653],2
16.941176470588236,0.9811764705882353,205294.11764705883,0.88,0.5447058823529412,3.909372549019608,5.270588235294118,4529.411764705883,[12.34960986],2
20.15686274509804,2.3615686274509806,438235.29411764705,2.072941176470588,0.2976470588235294,0.385843137254902,5.2823529411764705,3188.235294117647,inf,2
10.980392156862745,2.1631372549019607,171764.70588235295,1.9811764705882353,0.8305882352941176,4.5670980392156855,5.811764705882353,4282.35294117647,[4.11062774],2
4.549019607843137,2.9568627450980394,395882.35294117645,3.2505882352941176,0.8588235294117647,5.2483137254901955,5.258823529411765,4564.7058823529405,inf,2
21.254901960784313,2.9913725490196086,171764.70588235295,1.996470588235294,0.3788235294117648,5.2483137254901955,5.294117647058823,6364.705882352941,[3.3738333],2
4.549019607843137,2.861960784313726,399411.76470588235,0.9105882352941176,0.6858823529411765,4.473137254901961,4.317647058823529,4564.7058823529405,[240.90226889],2
22.980392156862745,2.3529411764705888,212352.9411764706,1.1858823529411764,0.6258823529411764,3.627490196078431,5.858823529411765,8517.64705882353,[5.31822306],2
20.15686274509804,0.9207843137254903,201764.70588235295,1.9811764705882353,0.5447058823529412,3.909372549019608,5.270588235294118,4600.0,[4.97511221],2
10.666666666666668,2.723921568627451,399411.76470588235,0.9105882352941176,0.6188235294117648,2.6878823529411764,5.247058823529412,1105.8823529411766,[4.97367194],2
21.254901960784313,2.861960784313726,60588.23529411765,1.6141176470588234,0.9117647058823529,4.473137254901961,4.352941176470589,6364.705882352941,inf,2
14.745098039215685,2.154509803921569,328823.5294117647,3.2505882352941176,0.8588235294117647,4.5670980392156855,5.811764705882353,4917.64705882353,[1.99366876],2
22.03921568627451,1.8525490196078434,397647.0588235294,0.6505882352941177,0.7,5.530196078431373,5.270588235294118,3505.8823529411766,[6.12121324],2
8.07843137254902,2.9396078431372548,81764.70588235294,0.17647058823529413,0.5094117647058823,3.9328627450980393,6.0,1247.0588235294117,[4.02514706],2
17.80392156862745,1.0588235294117647,380000.0,3.923529411764706,0.7741176470588236,2.0771372549019604,4.458823529411765,1882.3529411764707,inf,2
21.49019607843137,1.5764705882352943,177058.82352941175,1.583529411764706,0.4423529411764706,3.674470588235294,4.788235294117647,5164.705882352941,[4.98594728],2
20.15686274509804,2.3529411764705888,166470.5882352941,3.4647058823529413,0.23411764705882354,5.788588235294117,5.270588235294118,4600.0,[3.51873329],2
20.941176470588236,2.102745098039216,468235.29411764705,3.327058823529412,0.9258823529411764,5.64764705882353,5.023529411764706,3400.0,[2.25023651],2
17.019607843137255,0.9035294117647059,245882.35294117648,3.5870588235294116,0.23058823529411768,4.144274509803921,4.7176470588235295,1917.6470588235293,[4.39642002],2
20.470588235294116,1.7231372549019608,402941.17647058825,0.2223529411764706,0.7105882352941177,4.426156862745098,5.411764705882353,4811.764705882353,[1349.03490765],2
11.215686274509803,1.9992156862745099,102941.17647058824,0.8952941176470587,0.8588235294117647,4.5670980392156855,5.952941176470588,3752.9411764705883,[6.68872176],2
22.666666666666668,2.2407843137254906,155882.35294117648,0.42117647058823526,0.7388235294117647,3.298627450980392,3.223529411764706,5941.176470588235,[12.56913405],2
14.745098039215685,2.1286274509803924,395882.35294117645,3.2505882352941176,0.8588235294117647,4.5670980392156855,5.811764705882353,4917.64705882353,[2.25521706],2
20.15686274509804,2.3529411764705888,260000.0,0.26823529411764707,0.8341176470588235,3.909372549019608,5.270588235294118,4600.0,[15.09110661],2
20.07843137254902,1.2745098039215688,438235.29411764705,2.072941176470588,0.5447058823529412,3.486549019607843,3.9529411764705884,4882.35294117647,[5.92529595],2
22.03921568627451,1.5505882352941178,240588.23529411765,1.1552941176470588,0.1811764705882353,4.731529411764706,3.3411764705882354,7105.882352941177,[2761.12910448],2
20.941176470588236,2.145882352941177,461176.4705882353,1.2317647058823529,0.5588235294117647,1.020078431372549,4.341176470588235,9329.411764705883,[12.35068647],2
6.745098039215686,2.0423529411764707,208823.5294117647,0.2529411764705882,0.34,1.7012941176470588,4.258823529411765,4705.882352941177,[5104.15275135],2
20.15686274509804,2.378823529411765,397647.0588235294,1.9811764705882353,0.5447058823529412,3.909372549019608,5.270588235294118,4600.0,[3.88962596],2
11.215686274509803,1.9905882352941178,102941.17647058824,0.8952941176470587,0.8588235294117647,4.5670980392156855,5.952941176470588,4882.35294117647,[7.70109936],2
10.666666666666668,2.723921568627451,60588.23529411765,1.6141176470588234,0.8447058823529412,2.6878823529411764,5.247058823529412,1105.8823529411766,[3.35643835],2
14.431372549019608,2.387450980392157,429411.76470588235,0.7576470588235293,0.15647058823529414,3.110705882352941,3.2470588235294118,2023.5294117647059,[84.3899133],2
6.196078431372549,1.8439215686274513,189411.76470588235,2.3329411764705883,0.5129411764705882,4.050313725490196,3.6470588235294117,4917.64705882353,[458.29288347],2
20.15686274509804,2.8533333333333335,203529.41176470587,0.5588235294117647,0.23411764705882354,5.788588235294117,5.270588235294118,4600.0,[51.31856014],2
9.803921568627452,2.3529411764705888,177058.82352941175,1.583529411764706,0.13176470588235295,2.2415686274509805,5.964705882352941,8835.29411764706,[72.13700303],2
4.549019607843137,2.9913725490196086,171764.70588235295,3.327058823529412,0.908235294117647,4.144274509803921,5.0588235294117645,6188.235294117647,inf,2
12.313725490196079,2.2407843137254906,468235.29411764705,2.547058823529412,0.4388235294117647,1.7482745098039216,4.411764705882353,3470.5882352941176,[8.27238421],2
16.15686274509804,1.3607843137254902,71176.4705882353,1.1094117647058823,0.7529411764705882,4.426156862745098,3.976470588235294,1423.5294117647059,[3.69394056],2
15.137254901960784,2.56,383529.4117647059,3.5564705882352943,0.6505882352941177,4.872470588235294,5.1764705882352935,3329.4117647058824,[2.69386342],2
10.431372549019608,2.8533333333333335,170000.0,3.0976470588235294,0.4211764705882354,2.828823529411765,3.7529411764705882,9964.70588235294,[17.34797866],2
8.627450980392158,1.4125490196078432,342941.17647058825,1.9811764705882353,0.8305882352941176,5.2483137254901955,4.8,4529.411764705883,[11.88559844],2
15.137254901960784,2.56,383529.4117647059,3.5564705882352943,0.7247058823529412,3.298627450980392,3.223529411764706,7070.588235294118,[7.53714062],2
21.176470588235293,1.2658823529411767,111764.70588235295,3.143529411764706,0.4141176470588236,4.426156862745098,4.423529411764706,3329.4117647058824,[3.48384634],2
18.274509803921568,2.9654901960784317,207058.82352941178,1.7670588235294118,0.4423529411764706,4.895960784313726,4.364705882352942,6188.235294117647,[3.61328676],2
19.92156862745098,1.0674509803921568,397647.0588235294,1.751764705882353,0.9294117647058824,5.060392156862745,3.8823529411764706,9223.529411764706,[9.70198336],2
18.03921568627451,2.68078431372549,464705.8823529412,0.711764705882353,0.46705882352941175,4.191254901960784,4.2823529411764705,3152.9411764705883,[5.88810588],2
17.80392156862745,1.0588235294117647,365882.35294117645,3.0058823529411764,0.16705882352941176,3.3925882352941175,3.2705882352941176,1247.0588235294117,[5.12232311],2
16.313725490196077,1.2054901960784314,470000.0,2.6694117647058824,0.43176470588235294,3.110705882352941,3.2470588235294118,2023.5294117647059,inf,2
16.313725490196077,2.7411764705882353,106470.58823529413,2.088235294117647,0.4882352941176471,5.2483137254901955,5.976470588235294,9223.529411764706,[5.10246072],2
12.156862745098039,2.7843137254901964,365882.35294117645,0.5435294117647058,0.4211764705882354,3.3221176470588234,4.4,2623.529411764706,[7.12462384],2
15.058823529411764,2.723921568627451,69411.76470588235,3.1588235294117646,0.7141176470588235,3.909372549019608,5.270588235294118,4635.2941176470595,[2.28496522],2
10.666666666666668,2.723921568627451,207058.82352941178,1.7670588235294118,0.4423529411764706,5.694627450980392,5.247058823529412,1105.8823529411766,[4.04560261],2
18.588235294117645,2.9654901960784317,60588.23529411765,1.6141176470588234,0.8447058823529412,1.88921568627451,4.364705882352942,6188.235294117647,inf,2
19.607843137254903,1.0674509803921568,418823.5294117647,3.831764705882353,0.9294117647058824,5.060392156862745,3.8823529411764706,9223.529411764706,[7.50875254],2
11.529411764705882,2.2666666666666666,58823.529411764706,1.751764705882353,0.31176470588235294,2.828823529411765,3.376470588235294,9364.70588235294,[7.62431793],2
9.725490196078432,2.75843137254902,316470.5882352941,2.914117647058824,0.7176470588235294,1.959686274509804,3.8823529411764706,8200.0,[53.66787923],2
14.666666666666666,2.7843137254901964,365882.35294117645,3.067058823529412,0.25529411764705884,3.909372549019608,5.270588235294118,4635.2941176470595,[4.9319111],2
12.313725490196079,2.2407843137254906,454117.64705882355,2.6694117647058824,0.5164705882352941,3.909372549019608,5.023529411764706,3470.5882352941176,[8.31787622],2
11.294117647058822,1.2141176470588237,101176.4705882353,3.327058823529412,0.908235294117647,4.144274509803921,5.294117647058823,9788.235294117647,inf,2
21.254901960784313,2.818823529411765,471764.70588235295,1.6141176470588234,0.17764705882352944,5.506705882352941,5.247058823529412,2129.4117647058824,[4.62431348],2
10.03921568627451,1.9647058823529413,155882.35294117648,1.0635294117647058,0.8447058823529412,2.8053333333333335,5.2823529411764705,6152.941176470588,[16.22717592],2
18.588235294117645,1.4815686274509805,399411.76470588235,0.7576470588235293,0.9047058823529412,5.906039215686274,3.552941176470588,3576.470588235294,[6.08174999],2
18.03921568627451,2.7152941176470593,99411.76470588235,0.9105882352941176,0.6858823529411765,4.473137254901961,4.352941176470589,3152.9411764705883,[3.0986623],2
9.725490196078432,2.8533333333333335,177058.82352941175,1.5376470588235294,0.13176470588235295,5.788588235294117,4.894117647058824,6894.117647058823,[14.45384195],2
17.80392156862745,1.0588235294117647,365882.35294117645,2.501176470588235,0.7388235294117647,3.6979607843137257,5.788235294117647,6823.529411764706,[8.71017683],2
21.098039215686274,1.2486274509803923,214117.64705882352,1.9811764705882353,0.5447058823529412,3.909372549019608,5.270588235294118,4600.0,[4.28916382],2
17.647058823529413,2.551372549019608,482352.9411764706,0.2988235294117647,0.8235294117647058,3.6509803921568627,3.4,1317.6470588235293,[5.15941203],2
16.235294117647058,2.508235294117647,374705.8823529412,1.0635294117647058,0.8447058823529412,3.674470588235294,4.6,4247.058823529412,[4.4505264],2
20.941176470588236,2.102745098039216,155882.35294117648,1.2776470588235296,0.2870588235294118,5.694627450980392,5.247058823529412,1423.5294117647059,[4.0196593],2
16.15686274509804,1.3607843137254902,71176.4705882353,1.1094117647058823,0.6505882352941177,4.872470588235294,4.729411764705882,1423.5294117647059,[3.72585919],2
17.490196078431374,1.7490196078431373,427647.0588235294,0.9105882352941176,0.13176470588235295,4.191254901960784,4.2823529411764705,5200.0,[4604.01979134],2
22.352941176470587,2.1286274509803924,166470.5882352941,3.4647058823529413,0.4423529411764706,3.674470588235294,4.670588235294118,1000.0,[4.86031274],2
20.862745098039216,1.5937254901960785,256470.58823529413,0.3141176470588235,0.6470588235294118,5.506705882352941,5.164705882352941,5164.705882352941,[234.31268469],2
20.15686274509804,2.3529411764705888,212352.9411764706,2.072941176470588,0.5447058823529412,3.909372549019608,5.270588235294118,4600.0,[3.51240128],2
20.15686274509804,2.2580392156862743,440000.0,1.9811764705882353,0.5447058823529412,3.909372549019608,5.270588235294118,4600.0,[4.13495949],2
16.15686274509804,1.3607843137254902,138235.29411764705,3.648235294117647,0.4211764705882354,3.744941176470588,4.788235294117647,1247.0588235294117,[3.46455596],2
16.313725490196077,0.9811764705882353,205294.11764705883,2.6694117647058824,0.4882352941176471,4.942941176470589,3.9058823529411764,9223.529411764706,[13.14705036],2
14.745098039215685,2.7498039215686276,288235.29411764705,3.7705882352941176,0.39647058823529413,3.909372549019608,5.270588235294118,4635.2941176470595,[5.03523317],2
12.313725490196079,2.0509803921568626,252941.17647058822,3.1588235294117646,0.7141176470588235,3.5805098039215686,5.141176470588235,2623.529411764706,[2.1443237],2
20.15686274509804,2.2580392156862743,440000.0,0.62,0.25529411764705884,3.157686274509804,5.31764705882353,4600.0,[443.46631659],2
22.980392156862745,0.9207843137254903,201764.70588235295,1.1858823529411764,0.6258823529411764,3.627490196078431,5.858823529411765,8517.64705882353,[14.35724436],2
7.450980392156863,2.818823529411765,471764.70588235295,1.6141176470588234,0.17764705882352944,5.624156862745099,5.2823529411764705,5658.823529411765,[1900.27462413],2
20.784313725490197,0.8690196078431374,94117.64705882352,2.592941176470588,0.2447058823529412,5.48321568627451,4.952941176470588,6647.058823529412,[12.73614511],2
21.176470588235293,1.5764705882352943,166470.5882352941,3.5105882352941173,0.8447058823529412,2.6878823529411764,5.247058823529412,1247.0588235294117,inf,2
20.627450980392158,2.102745098039216,155882.35294117648,1.0023529411764707,0.8941176470588235,3.9563529411764704,3.164705882352941,5164.705882352941,[3.86493238],2
19.450980392156865,2.3529411764705888,104705.88235294117,2.914117647058824,0.6470588235294118,5.060392156862745,5.270588235294118,4600.0,inf,2
8.862745098039216,2.3615686274509806,438235.29411764705,2.072941176470588,0.5447058823529412,3.909372549019608,4.952941176470588,7741.176470588235,[102.41644818],2
9.019607843137255,1.5505882352941178,155882.35294117648,0.42117647058823526,0.7388235294117647,3.674470588235294,5.435294117647059,2129.4117647058824,[8.01630545],2
7.137254901960784,2.4133333333333336,346470.5882352941,3.418823529411765,0.34352941176470586,5.600666666666667,4.8,1458.8235294117646,[5.07009016],2
10.03921568627451,1.9647058823529413,155882.35294117648,1.0635294117647058,0.8447058823529412,2.6878823529411764,5.247058823529412,1635.2941176470588,[3.85908709],2
14.745098039215685,2.1286274509803924,395882.35294117645,3.2505882352941176,0.8588235294117647,4.5670980392156855,5.811764705882353,4917.64705882353,[2.25521706],2
12.549019607843137,1.619607843137255,69411.76470588235,0.5435294117647058,0.4211764705882354,3.3221176470588234,4.4,2623.529411764706,[5.10859629],2
7.607843137254902,2.2407843137254906,155882.35294117648,2.18,0.47058823529411764,5.553686274509804,5.68235294117647,2376.470588235294,[5.64329131],2
18.588235294117645,1.447058823529412,438235.29411764705,0.7576470588235293,0.9047058823529412,5.906039215686274,5.952941176470588,9223.529411764706,[31.45201892],2
22.11764705882353,0.9035294117647059,81764.70588235294,3.648235294117647,0.19529411764705884,3.744941176470588,3.2941176470588234,1070.5882352941176,[4.58745032],2
18.745098039215684,1.2658823529411767,132941.17647058825,3.143529411764706,0.38235294117647056,5.083882352941177,4.3882352941176475,1705.8823529411766,[3.50084195],2
6.196078431372549,1.835294117647059,171764.70588235295,0.7576470588235293,0.15647058823529414,3.110705882352941,3.2470588235294118,2023.5294117647059,[209.37660577],2
16.07843137254902,1.1019607843137256,314705.8823529412,1.507058823529412,0.5941176470588235,4.825490196078431,4.776470588235294,1247.0588235294117,[4.02016672],2
9.725490196078432,2.818823529411765,192941.17647058822,2.8223529411764705,0.2588235294117647,1.959686274509804,3.8823529411764706,9329.411764705883,[12.18750051],2
18.588235294117645,2.8792156862745104,94117.64705882352,1.7670588235294118,0.4423529411764706,4.895960784313726,4.364705882352942,6188.235294117647,[3.41100868],2
6.117647058823529,1.447058823529412,184117.64705882352,1.1094117647058823,0.608235294117647,1.4429019607843137,3.552941176470588,2835.2941176470586,[117.27499133],2
11.215686274509803,1.9992156862745099,102941.17647058824,0.8952941176470587,0.8588235294117647,5.8825490196078425,5.952941176470588,4882.35294117647,[7.74341917],2
18.588235294117645,1.4729411764705884,99411.76470588235,0.7576470588235293,0.9047058823529412,4.590588235294117,3.7411764705882353,3576.470588235294,[4.04010699],2
4.549019607843137,2.9913725490196086,171764.70588235295,1.9811764705882353,0.8305882352941176,5.2483137254901955,4.905882352941177,3717.6470588235293,[1.54087908],2
14.03921568627451,1.8956862745098042,424117.64705882355,0.2988235294117647,0.8235294117647058,4.402666666666667,3.764705882352941,4529.411764705883,[192.1111049],2
16.15686274509804,2.2149019607843137,104705.88235294117,1.1094117647058823,0.7388235294117647,1.5368627450980392,5.2,5447.058823529412,inf,2
19.058823529411764,1.1192156862745097,494705.8823529412,2.3176470588235296,0.10352941176470588,3.674470588235294,5.411764705882353,5376.470588235294,[1517.71801661],2
11.529411764705882,2.2666666666666666,80000.0,3.831764705882353,0.31176470588235294,2.4529803921568627,5.070588235294117,9364.70588235294,[11.39172177],2
18.588235294117645,2.9654901960784317,207058.82352941178,1.7670588235294118,0.4423529411764706,4.895960784313726,4.364705882352942,6188.235294117647,[3.57629994],2
16.627450980392155,2.8533333333333335,184117.64705882352,2.072941176470588,0.35764705882352943,2.147607843137255,5.8235294117647065,3576.470588235294,inf,2
20.15686274509804,2.3529411764705888,205294.11764705883,1.5376470588235294,0.31882352941176473,3.909372549019608,5.270588235294118,4600.0,[4.29287328],2
12.313725490196079,2.2407843137254906,468235.29411764705,3.327058823529412,0.908235294117647,4.144274509803921,5.023529411764706,3470.5882352941176,[1.90961902],2
21.019607843137255,2.8015686274509806,381764.70588235295,0.42117647058823526,0.7388235294117647,3.298627450980392,3.223529411764706,7070.588235294118,[20.07365316],2
4.549019607843137,2.9913725490196086,173529.4117647059,2.5623529411764707,0.6047058823529412,5.2483137254901955,5.258823529411765,4564.7058823529405,[1.48169285],2
18.980392156862745,3.0,397647.0588235294,1.9811764705882353,0.8976470588235295,4.473137254901961,4.352941176470589,3152.9411764705883,[3.1761513],2
7.686274509803921,2.2149019607843137,374705.8823529412,1.2011764705882355,0.47058823529411764,5.553686274509804,5.68235294117647,2341.176470588235,[27.04823318],2
15.137254901960784,1.1364705882352943,155882.35294117648,2.7305882352941175,0.4211764705882354,4.44964705882353,4.423529411764706,3329.4117647058824,[4.80294477],2
22.666666666666668,2.2149019607843137,323529.4117647059,1.1705882352941177,0.5411764705882353,4.144274509803921,5.023529411764706,3400.0,[3.68897416],2
9.568627450980392,1.9647058823529413,468235.29411764705,3.327058823529412,0.908235294117647,5.506705882352941,5.435294117647059,1458.8235294117646,[2.93302909],2
11.607843137254902,2.154509803921569,224705.88235294117,3.021176470588235,0.8447058823529412,2.6878823529411764,5.870588235294118,9082.35294117647,[9.05421934],2
17.80392156862745,1.0588235294117647,380000.0,3.923529411764706,0.7741176470588236,2.429490196078431,6.0,1247.0588235294117,[3.47348754],2
18.588235294117645,1.1623529411764706,360588.23529411765,3.648235294117647,0.19529411764705884,3.744941176470588,4.788235294117647,3576.470588235294,[7.24442761],2
16.07843137254902,1.4384313725490196,191176.4705882353,1.507058823529412,0.5941176470588235,4.825490196078431,4.776470588235294,1247.0588235294117,[3.85836986],2
18.823529411764707,2.9396078431372548,410000.0,1.1552941176470588,0.13176470588235295,4.191254901960784,4.2823529411764705,5270.588235294118,[102.05029502],2
9.176470588235293,1.4384313725490196,364117.64705882355,3.648235294117647,0.4211764705882354,3.744941176470588,4.788235294117647,3505.8823529411766,[25.331419],2
18.588235294117645,1.3349019607843138,395882.35294117645,3.0976470588235294,0.5305882352941177,4.5670980392156855,4.08235294117647,4952.941176470588,[5.56328965],2
9.019607843137255,1.6282352941176472,258235.29411764705,3.2505882352941176,0.8588235294117647,4.5670980392156855,5.68235294117647,8835.29411764706,[3.86565228],2
10.823529411764707,1.5764705882352943,185882.35294117648,3.327058823529412,0.908235294117647,4.144274509803921,5.023529411764706,6117.64705882353,inf,2
12.313725490196079,2.2407843137254906,471764.70588235295,3.0058823529411764,0.5164705882352941,2.593921568627451,3.388235294117647,3470.5882352941176,[7.84892161],2
10.03921568627451,1.9647058823529413,155882.35294117648,1.0635294117647058,0.8447058823529412,2.6878823529411764,5.247058823529412,1635.2941176470588,[3.85908709],2
12.549019607843137,2.723921568627451,69411.76470588235,0.5435294117647058,0.4211764705882354,3.3221176470588234,4.4,2623.529411764706,[3.40551867],2
11.372549019607842,1.3607843137254902,155882.35294117648,2.9294117647058826,0.3717647058823529,5.107372549019608,4.694117647058824,3294.1176470588234,[8.19014993],2
11.372549019607842,1.3521568627450982,424117.64705882355,1.2011764705882355,0.3717647058823529,5.107372549019608,4.694117647058824,3294.1176470588234,[14.00810043],2
10.666666666666668,2.723921568627451,60588.23529411765,1.5988235294117648,0.19529411764705884,3.744941176470588,3.2941176470588234,1317.6470588235293,[3.60110576],2
18.588235294117645,1.447058823529412,420588.23529411765,3.648235294117647,0.16705882352941176,4.191254901960784,4.2823529411764705,9294.117647058823,[111.96758772],2
10.117647058823529,2.2580392156862743,438235.29411764705,2.072941176470588,0.5447058823529412,3.909372549019608,5.270588235294118,4635.2941176470595,[22.66594974],2
21.254901960784313,1.9905882352941178,102941.17647058824,0.8952941176470587,0.8588235294117647,4.5670980392156855,5.952941176470588,4882.35294117647,[3.71243585],2
17.80392156862745,1.0588235294117647,339411.76470588235,3.2505882352941176,0.8588235294117647,4.5670980392156855,6.0,1247.0588235294117,[3.56922628],2
10.980392156862745,2.1286274509803924,436470.5882352941,3.923529411764706,0.7741176470588236,2.429490196078431,5.811764705882353,4282.35294117647,[1.87630581],2
20.941176470588236,2.102745098039216,155882.35294117648,1.0635294117647058,0.8376470588235294,5.64764705882353,5.152941176470588,1423.5294117647059,[3.95151212],2
12.313725490196079,2.0509803921568626,175294.11764705883,3.7705882352941176,0.39647058823529413,3.627490196078431,5.247058823529412,2623.529411764706,[3.96590774],2
18.980392156862745,3.0,399411.76470588235,2.623529411764706,0.6717647058823529,4.003333333333334,3.011764705882353,3152.9411764705883,[3.36882984],2
20.15686274509804,2.3615686274509806,480588.23529411765,2.3329411764705883,0.6470588235294118,5.9765098039215685,4.352941176470589,4882.35294117647,[3.99009402],2
4.549019607843137,2.3615686274509806,482352.9411764706,1.9811764705882353,0.8305882352941176,5.2483137254901955,5.258823529411765,4564.7058823529405,inf,2
20.15686274509804,2.9913725490196086,170000.0,2.3329411764705883,0.6470588235294118,5.506705882352941,3.011764705882353,4882.35294117647,inf,2
14.588235294117647,2.9913725490196086,212352.9411764706,1.9811764705882353,0.5447058823529412,3.909372549019608,5.258823529411765,5058.823529411765,[4.55468656],2
20.15686274509804,2.3701960784313725,171764.70588235295,1.9811764705882353,0.8305882352941176,5.2483137254901955,5.270588235294118,4600.0,inf,2
9.411764705882353,2.7756862745098045,122352.94117647059,1.7670588235294118,0.4388235294117647,5.48321568627451,5.870588235294118,5517.64705882353,[10.29909805],2
16.470588235294116,2.5254901960784317,410000.0,1.1552941176470588,0.17411764705882354,4.7080392156862745,3.364705882352941,3011.764705882353,[13.7337967],2
19.058823529411764,1.1192156862745097,448823.5294117647,2.3329411764705883,0.6470588235294118,5.506705882352941,3.3294117647058825,9082.35294117647,[18.51311165],2
11.607843137254902,2.0164705882352942,238823.5294117647,3.923529411764706,0.7741176470588236,2.429490196078431,5.858823529411765,3011.764705882353,[1.93343511],2
11.215686274509803,1.8266666666666667,57058.82352941176,0.43647058823529417,0.8870588235294118,4.5670980392156855,5.952941176470588,4882.35294117647,[5.53778717],2
22.980392156862745,0.9207843137254903,201764.70588235295,1.1858823529411764,0.6258823529411764,3.627490196078431,5.858823529411765,8517.64705882353,[14.35724436],2
15.215686274509803,2.723921568627451,408235.29411764705,0.2529411764705882,0.7247058823529412,4.426156862745098,4.423529411764706,3258.823529411765,[12.80277083],2
16.784313725490197,2.1372549019607843,157647.0588235294,3.5564705882352943,0.7705882352941176,4.473137254901961,4.352941176470589,3152.9411764705883,inf,2
6.666666666666666,2.335686274509804,145294.11764705883,2.9447058823529413,0.14941176470588236,4.5670980392156855,5.952941176470588,8376.470588235294,[36.33985836],2
22.11764705882353,0.8862745098039216,364117.64705882355,3.648235294117647,0.18823529411764706,3.744941176470588,4.788235294117647,1070.5882352941176,[4.69566948],2
4.9411764705882355,1.231372549019608,364117.64705882355,3.648235294117647,0.19529411764705884,3.744941176470588,4.788235294117647,8694.117647058823,[217.75735566],2
6.666666666666666,2.335686274509804,145294.11764705883,3.847058823529412,0.21647058823529414,1.6073333333333333,5.952941176470588,8376.470588235294,[69.93601354],2
9.411764705882353,2.7756862745098045,157647.0588235294,3.5564705882352943,0.6505882352941177,4.731529411764706,5.870588235294118,5517.64705882353,[1.7053537],3
15.137254901960784,2.56,348235.29411764705,1.7670588235294118,0.4388235294117647,5.624156862745099,5.1764705882352935,3329.4117647058824,[4.16731486],3
18.588235294117645,1.4729411764705884,140000.0,3.1588235294117646,0.7141176470588235,3.5805098039215686,5.141176470588235,3576.470588235294,[2.48050881],3
12.313725490196079,2.0509803921568626,217647.0588235294,0.7576470588235293,0.9047058823529412,5.906039215686274,3.552941176470588,2623.529411764706,[4.99677375],3
16.15686274509804,1.3607843137254902,138235.29411764705,3.648235294117647,0.4211764705882354,3.744941176470588,4.788235294117647,1247.0588235294117,[3.46455596],3
17.80392156862745,1.0588235294117647,339411.76470588235,3.2505882352941176,0.8588235294117647,4.5670980392156855,6.0,1247.0588235294117,[3.56922628],3
11.607843137254902,2.0164705882352942,235294.11764705883,1.7670588235294118,0.5341176470588236,3.744941176470588,4.788235294117647,5270.588235294118,[10.24798908],3
16.07843137254902,1.447058823529412,125882.35294117648,3.923529411764706,0.7741176470588236,2.429490196078431,5.847058823529412,2976.470588235294,inf,3
4.392156862745098,1.2658823529411767,171764.70588235295,3.327058823529412,0.908235294117647,4.144274509803921,5.0588235294117645,6188.235294117647,inf,3
11.450980392156863,2.974117647058824,212352.9411764706,1.7364705882352942,0.45999999999999996,5.412745098039216,5.294117647058823,9788.235294117647,[9.27476552],3
20.941176470588236,2.145882352941177,461176.4705882353,1.2317647058823529,0.5588235294117647,1.020078431372549,4.247058823529412,9329.411764705883,inf,3
20.627450980392158,2.102745098039216,155882.35294117648,1.0023529411764707,0.8941176470588235,3.9563529411764704,3.2588235294117647,5164.705882352941,[3.83724537],3
10.03921568627451,1.9647058823529413,155882.35294117648,1.048235294117647,0.43176470588235294,3.486549019607843,5.247058823529412,1635.2941176470588,[4.7186013],3
20.07843137254902,1.2658823529411767,106470.58823529413,2.103529411764706,0.8447058823529412,2.6878823529411764,4.023529411764706,4882.35294117647,inf,3
21.098039215686274,1.2486274509803923,214117.64705882352,1.9811764705882353,0.5447058823529412,3.909372549019608,5.270588235294118,4600.0,[4.28916382],3
15.137254901960784,2.56,327058.82352941175,3.5564705882352943,0.7247058823529412,3.298627450980392,3.223529411764706,7070.588235294118,[6.73404836],3
7.137254901960784,2.4133333333333336,402941.17647058825,1.583529411764706,0.4423529411764706,5.600666666666667,5.552941176470588,2023.5294117647059,[31.09092925],3
21.49019607843137,1.5764705882352943,120588.23529411765,3.418823529411765,0.34352941176470586,3.674470588235294,4.788235294117647,5164.705882352941,[3.92095544],3
12.549019607843137,2.723921568627451,67647.05882352941,2.547058823529412,0.4388235294117647,1.7247843137254903,4.4,2623.529411764706,inf,3
18.666666666666664,1.4125490196078432,344705.8823529412,0.5435294117647058,0.4211764705882354,3.345607843137255,4.447058823529412,6223.529411764706,[1467.50273892],3
12.549019607843137,1.619607843137255,69411.76470588235,0.5435294117647058,0.4211764705882354,3.3221176470588234,4.4,2623.529411764706,[5.10859629],3
18.745098039215684,1.2658823529411767,132941.17647058825,3.143529411764706,0.38235294117647056,5.083882352941177,4.3882352941176475,1705.8823529411766,[3.50084195],3
14.509803921568627,2.9654901960784317,207058.82352941178,1.7670588235294118,0.4423529411764706,4.895960784313726,3.611764705882353,5058.823529411765,[4.13445398],3
23.686274509803923,2.9913725490196086,212352.9411764706,1.9811764705882353,0.5447058823529412,3.909372549019608,5.270588235294118,4317.64705882353,[3.04198068],3
12.313725490196079,2.2407843137254906,471764.70588235295,3.0058823529411764,0.5164705882352941,0.9026274509803922,5.270588235294118,3470.5882352941176,inf,3
20.15686274509804,2.378823529411765,397647.0588235294,1.9811764705882353,0.5447058823529412,5.600666666666667,3.388235294117647,4600.0,[3.98370779],3
8.549019607843137,1.4039215686274509,102941.17647058824,0.7576470588235293,0.9047058823529412,4.590588235294117,3.7411764705882353,3576.470588235294,[17.37997421],3
19.058823529411764,1.1105882352941177,268823.5294117647,2.072941176470588,0.11764705882352941,4.28521568627451,5.576470588235294,3011.764705882353,[39.57918113],3
18.588235294117645,2.9654901960784317,207058.82352941178,1.7670588235294118,0.4423529411764706,4.895960784313726,4.364705882352942,6188.235294117647,[3.57629994],3
10.980392156862745,2.1286274509803924,395882.35294117645,3.2505882352941176,0.8588235294117647,4.872470588235294,4.682352941176471,4282.35294117647,[1.71128203],3
16.392156862745097,2.3529411764705888,166470.5882352941,3.4647058823529413,0.23411764705882354,5.788588235294117,5.270588235294118,4600.0,[3.85384661],3
20.0,2.508235294117647,374705.8823529412,1.0635294117647058,0.8447058823529412,3.674470588235294,4.6,4247.058823529412,[3.73841859],3
15.137254901960784,1.1364705882352943,155882.35294117648,2.7305882352941175,0.4141176470588236,2.1945882352941175,4.423529411764706,3329.4117647058824,inf,3
9.803921568627452,2.3529411764705888,177058.82352941175,1.583529411764706,0.1388235294117647,4.496627450980393,5.964705882352941,8835.29411764706,[64.18297074],3
16.941176470588236,2.7756862745098045,448823.5294117647,2.3329411764705883,0.64,5.412745098039216,5.270588235294118,4600.0,[4.56346562],3
19.372549019607845,1.1019607843137256,440000.0,1.9811764705882353,0.5447058823529412,4.003333333333334,5.2,3011.764705882353,[4.89728485],3
16.313725490196077,2.75843137254902,470000.0,2.6694117647058824,0.4882352941176471,3.9328627450980393,3.7176470588235295,9223.529411764706,[8.22817806],3
14.431372549019608,2.723921568627451,182352.9411764706,3.1588235294117646,0.6011764705882353,4.003333333333334,3.764705882352941,4635.2941176470595,[4.11019553],3
20.15686274509804,2.3529411764705888,166470.5882352941,3.4647058823529413,0.23411764705882354,3.345607843137255,5.270588235294118,4600.0,[3.5795893],3
12.549019607843137,2.723921568627451,117058.82352941176,1.9811764705882353,0.8305882352941176,5.765098039215686,4.4,2623.529411764706,[2.28412947],3
11.607843137254902,2.0164705882352942,235294.11764705883,3.923529411764706,0.7741176470588236,2.593921568627451,5.952941176470588,4917.64705882353,inf,3
11.215686274509803,1.9905882352941178,102941.17647058824,0.8952941176470587,0.8588235294117647,4.590588235294117,5.858823529411765,2976.470588235294,[5.85966537],3
10.03921568627451,1.9647058823529413,155882.35294117648,1.0635294117647058,0.7388235294117647,3.298627450980392,3.223529411764706,6152.941176470588,[18.23786844],3
22.666666666666668,2.2407843137254906,155882.35294117648,0.42117647058823526,0.8447058823529412,2.6878823529411764,5.247058823529412,1423.5294117647059,[4.13976835],3
15.137254901960784,2.102745098039216,155882.35294117648,3.5564705882352943,0.7529411764705882,4.426156862745098,4.423529411764706,3258.823529411765,[2.07035842],3
21.019607843137255,2.171764705882353,468235.29411764705,1.2776470588235296,0.2870588235294118,5.694627450980392,5.247058823529412,1423.5294117647059,[4.50847644],3
12.07843137254902,0.9035294117647059,252941.17647058822,0.26823529411764707,0.8411764705882353,5.906039215686274,5.952941176470588,8976.470588235294,[1791.97448151],3
20.15686274509804,2.3701960784313725,90588.23529411765,3.327058823529412,0.9047058823529412,3.909372549019608,5.270588235294118,4600.0,inf,3
11.215686274509803,1.9992156862745099,99411.76470588235,0.8952941176470587,0.8588235294117647,4.5670980392156855,5.952941176470588,3752.9411764705883,[6.60589105],3
20.627450980392158,2.102745098039216,159411.76470588235,1.0023529411764707,0.8941176470588235,3.9563529411764704,3.164705882352941,5164.705882352941,[3.8718381],3
9.725490196078432,2.818823529411765,192941.17647058822,2.8223529411764705,0.2588235294117647,1.959686274509804,3.8823529411764706,9329.411764705883,[12.18750051],3
20.15686274509804,2.2580392156862743,440000.0,1.9811764705882353,0.5447058823529412,3.9328627450980393,5.270588235294118,4600.0,[4.1275484],3
16.235294117647058,1.1192156862745097,448823.5294117647,2.3329411764705883,0.6011764705882353,5.2483137254901955,5.976470588235294,9223.529411764706,[15.9499553],3
19.137254901960784,2.7411764705882353,106470.58823529413,2.088235294117647,0.5341176470588236,5.506705882352941,3.3294117647058825,9082.35294117647,inf,3
23.607843137254903,2.3443137254901965,173529.4117647059,1.7670588235294118,0.4211764705882354,3.063725490196078,5.247058823529412,2552.9411764705883,[3.32916917],3
5.098039215686274,2.0941176470588236,60588.23529411765,2.501176470588235,0.9964705882352941,4.097294117647059,4.2823529411764705,2517.6470588235297,inf,3
18.588235294117645,2.9654901960784317,60588.23529411765,1.6141176470588234,0.8447058823529412,1.88921568627451,4.364705882352942,6188.235294117647,inf,3
14.588235294117647,2.9913725490196086,212352.9411764706,1.9811764705882353,0.5447058823529412,3.909372549019608,5.258823529411765,5058.823529411765,[4.55468656],3
10.980392156862745,2.1286274509803924,436470.5882352941,3.923529411764706,0.19529411764705884,2.429490196078431,5.811764705882353,4282.35294117647,[16.67726365],3
10.666666666666668,2.723921568627451,60588.23529411765,1.5988235294117648,0.7741176470588236,3.744941176470588,3.2941176470588234,1317.6470588235293,[3.08246574],3
22.11764705882353,1.4125490196078432,364117.64705882355,3.648235294117647,0.18823529411764706,3.744941176470588,4.788235294117647,1070.5882352941176,[4.71341547],3
18.666666666666664,0.8862745098039216,342941.17647058825,2.547058823529412,0.4388235294117647,1.7482745098039216,4.447058823529412,6223.529411764706,[10.75587111],3
9.568627450980392,1.9647058823529413,468235.29411764705,3.327058823529412,0.908235294117647,5.506705882352941,5.435294117647059,1458.8235294117646,[2.93302909],3
4.549019607843137,2.9913725490196086,171764.70588235295,1.9811764705882353,0.8305882352941176,5.2483137254901955,5.258823529411765,4564.7058823529405,[1.44384718],3
14.823529411764707,2.0509803921568626,328823.5294117647,3.2505882352941176,0.8588235294117647,4.5670980392156855,5.811764705882353,4917.64705882353,[1.99014834],3
12.235294117647058,2.154509803921569,252941.17647058822,3.1588235294117646,0.7141176470588235,3.5805098039215686,5.141176470588235,2623.529411764706,[2.15016079],3
14.431372549019608,2.56,383529.4117647059,3.5564705882352943,0.7247058823529412,3.298627450980392,3.223529411764706,7070.588235294118,[7.95836015],3
11.372549019607842,2.68078431372549,230000.0,0.9105882352941176,0.6752941176470588,4.191254901960784,4.2823529411764705,1105.8823529411766,[4.28657729],3
22.666666666666668,2.2407843137254906,155882.35294117648,0.42117647058823526,0.7388235294117647,3.674470588235294,3.223529411764706,5941.176470588235,[12.74481361],3
22.352941176470587,2.1286274509803924,166470.5882352941,3.4647058823529413,0.4423529411764706,3.298627450980392,4.670588235294118,1000.0,[4.84226223],3
6.196078431372549,1.2658823529411767,115294.11764705883,3.143529411764706,0.38235294117647056,5.083882352941177,4.2823529411764705,2517.6470588235297,[2.27492876],3
8.549019607843137,2.3443137254901965,173529.4117647059,1.7670588235294118,0.9964705882352941,4.097294117647059,4.3882352941176475,1635.2941176470588,[2.45807141],3
12.313725490196079,2.2407843137254906,471764.70588235295,3.0058823529411764,0.5164705882352941,2.593921568627451,3.6470588235294117,1211.764705882353,inf,3
10.666666666666668,2.723921568627451,60588.23529411765,1.6752941176470588,0.8447058823529412,2.946274509803921,4.141176470588235,3364.705882352941,[2.58438247],3
11.529411764705882,2.2666666666666666,395882.35294117645,3.22,0.31176470588235294,2.828823529411765,3.376470588235294,9364.70588235294,[33.57334393],3
14.745098039215685,2.1286274509803924,58823.529411764706,1.7823529411764707,0.8588235294117647,4.5670980392156855,5.811764705882353,4917.64705882353,[5.03915978],3
18.588235294117645,2.8792156862745104,94117.64705882352,1.7670588235294118,0.4423529411764706,4.895960784313726,4.364705882352942,6188.235294117647,[3.41100868],3
4.549019607843137,2.9913725490196086,171764.70588235295,1.9811764705882353,0.8305882352941176,5.2483137254901955,4.905882352941177,3717.6470588235293,[1.54087908],3
20.15686274509804,2.3529411764705888,212352.9411764706,1.7364705882352942,0.45999999999999996,5.624156862745099,5.270588235294118,2058.823529411765,[3.41091399],3
20.862745098039216,1.6109803921568628,166470.5882352941,3.4647058823529413,0.5094117647058823,5.177843137254902,4.364705882352942,1917.6470588235293,[3.16050081],3
20.941176470588236,2.102745098039216,155882.35294117648,1.0635294117647058,0.45999999999999996,5.624156862745099,5.152941176470588,1423.5294117647059,[3.97701459],3
20.15686274509804,2.3529411764705888,212352.9411764706,1.7364705882352942,0.8376470588235294,5.64764705882353,5.270588235294118,2058.823529411765,[3.19798826],3
12.313725490196079,2.0509803921568626,175294.11764705883,3.938823529411765,0.8305882352941176,5.2483137254901955,5.247058823529412,2623.529411764706,inf,3
4.549019607843137,2.9913725490196086,171764.70588235295,1.8129411764705883,0.39647058823529413,3.627490196078431,4.905882352941177,3717.6470588235293,[448.90699301],3
17.80392156862745,1.0588235294117647,339411.76470588235,3.2505882352941176,0.8588235294117647,4.5670980392156855,4.4,1247.0588235294117,[3.5783725],3
20.15686274509804,2.3615686274509806,480588.23529411765,2.3329411764705883,0.6364705882352941,5.9765098039215685,5.952941176470588,4882.35294117647,[4.20263973],3
15.215686274509803,2.1372549019607843,155882.35294117648,0.43647058823529417,0.6576470588235295,5.624156862745099,3.552941176470588,3117.6470588235293,[4.89636432],3
20.15686274509804,2.3529411764705888,212352.9411764706,1.7364705882352942,0.4529411764705883,4.872470588235294,4.729411764705882,2058.823529411765,[3.43905753],3
19.607843137254903,1.0674509803921568,438235.29411764705,1.1094117647058823,0.6505882352941177,4.5670980392156855,5.858823529411765,2447.0588235294117,[5.59192047],3
16.15686274509804,1.3607843137254902,51764.705882352944,3.831764705882353,0.9858823529411764,5.060392156862745,3.8823529411764706,8200.0,inf,3
4.549019607843137,2.9913725490196086,171764.70588235295,3.5564705882352943,0.7529411764705882,4.426156862745098,3.9647058823529413,2870.5882352941176,inf,3
6.8235294117647065,1.3176470588235296,385294.1176470588,2.5623529411764707,0.6047058823529412,5.2483137254901955,5.258823529411765,4600.0,[55.11763831],3
17.80392156862745,1.0588235294117647,380000.0,3.923529411764706,0.7741176470588236,2.429490196078431,5.988235294117647,1917.6470588235293,[2.72039831],3
17.019607843137255,1.3607843137254902,72941.17647058824,1.1400000000000001,0.24823529411764708,5.64764705882353,4.729411764705882,1247.0588235294117,[4.25882854],3
18.980392156862745,3.0,399411.76470588235,2.868235294117647,0.12823529411764706,4.496627450980393,5.858823529411765,3152.9411764705883,[4.41742768],3
17.80392156862745,1.0588235294117647,380000.0,2.9447058823529413,0.7741176470588236,2.429490196078431,4.4941176470588236,1247.0588235294117,inf,3
18.745098039215684,1.3176470588235296,399411.76470588235,2.623529411764706,0.6717647058823529,4.473137254901961,4.352941176470589,3152.9411764705883,[3.79685966],3
17.647058823529413,0.8949019607843138,228235.29411764705,3.847058823529412,0.2588235294117647,2.617411764705882,5.729411764705882,6188.235294117647,[10.19312437],3
7.137254901960784,2.4133333333333336,346470.5882352941,3.418823529411765,0.4,5.600666666666667,4.8,1458.8235294117646,[2.78609532],3
12.549019607843137,2.723921568627451,69411.76470588235,0.5435294117647058,0.4211764705882354,3.3221176470588234,4.4,2623.529411764706,[3.40551867],3
20.235294117647058,1.2745098039215688,397647.0588235294,1.9811764705882353,0.5447058823529412,3.909372549019608,5.270588235294118,4600.0,[5.32796566],3
18.980392156862745,3.0,399411.76470588235,2.623529411764706,0.6717647058823529,4.003333333333334,3.011764705882353,3152.9411764705883,[3.36882984],3
11.215686274509803,1.8266666666666667,57058.82352941176,0.43647058823529417,0.8870588235294118,5.2483137254901955,5.270588235294118,1494.1176470588234,[3.78406802],3
6.509803921568627,1.8611764705882354,346470.5882352941,3.418823529411765,0.34352941176470586,4.5670980392156855,5.952941176470588,4847.058823529412,[237.83345689],3
22.352941176470587,2.1286274509803924,397647.0588235294,1.9811764705882353,0.8941176470588235,3.674470588235294,4.670588235294118,1000.0,[4.86636241],3
18.980392156862745,3.0,166470.5882352941,3.4647058823529413,0.4458823529411765,4.473137254901961,4.352941176470589,3152.9411764705883,inf,3
10.666666666666668,2.723921568627451,60588.23529411765,1.6141176470588234,0.8447058823529412,2.6878823529411764,5.235294117647059,1670.5882352941176,[2.64223392],3
17.019607843137255,0.9035294117647059,245882.35294117648,3.5870588235294116,0.23058823529411768,4.144274509803921,4.729411764705882,1352.9411764705883,[4.13348298],3
19.84313725490196,1.3349019607843138,395882.35294117645,3.0976470588235294,0.45999999999999996,5.788588235294117,5.270588235294118,4600.0,[4.88057601],3
18.901960784313726,2.3529411764705888,166470.5882352941,3.4647058823529413,0.30470588235294116,4.5670980392156855,4.08235294117647,4952.941176470588,[3.65273891],3
9.725490196078432,2.818823529411765,191176.4705882353,0.9105882352941176,0.6188235294117648,2.6878823529411764,5.2,9329.411764705883,[10.88229039],3
10.666666666666668,2.723921568627451,401176.4705882353,2.8223529411764705,0.2588235294117647,1.959686274509804,3.9294117647058826,1105.8823529411766,inf,3
23.607843137254903,2.4650980392156865,71176.4705882353,1.2776470588235296,0.4988235294117648,4.895960784313726,4.0,4317.64705882353,[3.21781769],3
16.15686274509804,1.8611764705882354,207058.82352941178,1.5988235294117648,0.7494117647058823,5.9295294117647055,3.976470588235294,1423.5294117647059,[3.46946686],3
22.352941176470587,1.3176470588235296,381764.70588235295,1.6905882352941175,0.5164705882352941,5.859058823529412,5.5058823529411764,8941.176470588234,[13.21535607],3
19.372549019607845,1.1192156862745097,448823.5294117647,2.3329411764705883,0.64,5.506705882352941,5.2,3011.764705882353,[4.42599778],3
16.235294117647058,2.508235294117647,374705.8823529412,1.0635294117647058,0.8447058823529412,3.674470588235294,4.6,4247.058823529412,[4.4505264],3
17.80392156862745,1.0588235294117647,339411.76470588235,3.2505882352941176,0.6329411764705882,4.5670980392156855,6.0,3505.8823529411766,[4.28470589],3
14.745098039215685,2.7498039215686276,288235.29411764705,3.7705882352941176,0.39647058823529413,3.909372549019608,5.270588235294118,4635.2941176470595,[5.03523317],3
18.588235294117645,1.4729411764705884,104705.88235294117,0.7576470588235293,0.9047058823529412,5.906039215686274,3.552941176470588,3576.470588235294,[4.10545355],3
15.058823529411764,2.723921568627451,69411.76470588235,3.1588235294117646,0.7141176470588235,3.909372549019608,5.270588235294118,4635.2941176470595,[2.28496522],3
15.215686274509803,2.723921568627451,408235.29411764705,0.2529411764705882,0.7247058823529412,4.426156862745098,4.423529411764706,3258.823529411765,[12.80277083],3
18.745098039215684,1.3176470588235296,399411.76470588235,2.623529411764706,0.6717647058823529,4.473137254901961,4.352941176470589,3152.9411764705883,[3.79685966],3
20.941176470588236,1.1192156862745097,448823.5294117647,2.3329411764705883,0.6470588235294118,5.506705882352941,3.317647058823529,3011.764705882353,[3.9906403],3
9.803921568627452,2.3529411764705888,177058.82352941175,1.583529411764706,0.13176470588235295,2.2415686274509805,5.964705882352941,1917.6470588235293,inf,3
20.862745098039216,1.6109803921568628,166470.5882352941,3.4647058823529413,0.5094117647058823,5.177843137254902,4.364705882352942,8835.29411764706,inf,3
12.313725490196079,2.0509803921568626,175294.11764705883,3.7705882352941176,0.39647058823529413,3.5805098039215686,3.2705882352941176,2623.529411764706,[3.9254951],3
18.745098039215684,1.3176470588235296,399411.76470588235,2.623529411764706,0.6717647058823529,4.473137254901961,4.352941176470589,3152.9411764705883,[3.79685966],3
21.254901960784313,2.818823529411765,432941.17647058825,1.7670588235294118,0.45999999999999996,5.506705882352941,5.247058823529412,2129.4117647058824,[3.49698942],3
18.588235294117645,2.9654901960784317,245882.35294117648,1.6141176470588234,0.16,4.895960784313726,4.364705882352942,6188.235294117647,[10.40187622],3
6.509803921568627,1.8611764705882354,346470.5882352941,3.357647058823529,0.11764705882352941,5.2483137254901955,5.270588235294118,1458.8235294117646,[16.64930059],3
17.490196078431374,1.7490196078431373,427647.0588235294,0.9717647058823529,0.35764705882352943,4.191254901960784,4.2823529411764705,5200.0,[43.16285196],3
16.470588235294116,2.5254901960784317,404705.8823529412,1.7670588235294118,0.4423529411764706,4.895960784313726,3.364705882352941,3011.764705882353,[4.09703011],3
18.588235294117645,2.9654901960784317,212352.9411764706,1.1552941176470588,0.17411764705882354,4.802,4.364705882352942,6188.235294117647,[18.74021472],3
15.215686274509803,2.171764705882353,399411.76470588235,1.7670588235294118,0.9964705882352941,4.050313725490196,4.423529411764706,3258.823529411765,[3.63890909],3
6.03921568627451,2.3443137254901965,242352.9411764706,3.5564705882352943,0.7529411764705882,4.473137254901961,4.2823529411764705,2517.6470588235297,inf,3
12.156862745098039,2.75843137254902,207058.82352941178,1.7670588235294118,0.4423529411764706,5.718117647058824,4.4,2482.3529411764703,[4.21943691],3
10.666666666666668,2.7152941176470593,365882.35294117645,0.5435294117647058,0.4211764705882354,3.298627450980392,5.247058823529412,1105.8823529411766,[4.96679641],3
15.137254901960784,1.2658823529411767,129411.76470588235,3.5564705882352943,0.7529411764705882,4.426156862745098,4.423529411764706,3258.823529411765,[2.00046373],3
8.784313725490197,2.171764705882353,454117.64705882355,3.143529411764706,0.38235294117647056,5.083882352941177,4.3882352941176475,1635.2941176470588,[7.25187605],3
18.980392156862745,3.0,399411.76470588235,2.623529411764706,0.6717647058823529,4.003333333333334,3.0,5058.823529411765,inf,3
14.588235294117647,2.9913725490196086,171764.70588235295,1.9811764705882353,0.8305882352941176,5.600666666666667,4.8,3152.9411764705883,[2.91998088],3
8.705882352941178,1.2658823529411767,115294.11764705883,3.143529411764706,0.38235294117647056,5.083882352941177,4.3882352941176475,1635.2941176470588,[2.33760034],3
6.666666666666666,2.335686274509804,145294.11764705883,2.9447058823529413,0.14941176470588236,4.5670980392156855,5.952941176470588,8376.470588235294,[36.33985836],3
7.686274509803921,2.2149019607843137,374705.8823529412,1.2317647058823529,0.9223529411764706,5.553686274509804,5.68235294117647,2341.176470588235,[12.37541461],3
14.745098039215685,2.1286274509803924,395882.35294117645,3.22,0.4070588235294118,4.5670980392156855,5.811764705882353,4917.64705882353,[6.91224318],3
10.980392156862745,2.1631372549019607,171764.70588235295,1.9811764705882353,0.8305882352941176,4.5670980392156855,5.811764705882353,8800.0,[33.71392541],3
22.980392156862745,0.9207843137254903,201764.70588235295,1.1858823529411764,0.6258823529411764,3.627490196078431,5.858823529411765,8517.64705882353,[14.35724436],3
21.098039215686274,1.2486274509803923,214117.64705882352,1.9811764705882353,0.5447058823529412,3.909372549019608,5.270588235294118,4882.35294117647,[4.48865094],3
14.745098039215685,2.1372549019607843,228235.29411764705,3.847058823529412,0.26588235294117646,4.5670980392156855,5.811764705882353,4635.2941176470595,[5.13363528],3
14.745098039215685,2.1286274509803924,395882.35294117645,3.2505882352941176,0.8588235294117647,4.5670980392156855,5.811764705882353,4917.64705882353,[2.25521706],3
10.03921568627451,1.9647058823529413,155882.35294117648,1.0635294117647058,0.8447058823529412,2.8053333333333335,5.2823529411764705,6152.941176470588,[16.22717592],3
21.254901960784313,2.9913725490196086,171764.70588235295,1.996470588235294,0.3788235294117648,4.942941176470589,5.247058823529412,1635.2941176470588,[3.76342065],3
10.03921568627451,1.9647058823529413,155882.35294117648,1.0635294117647058,0.8447058823529412,2.993254901960784,5.294117647058823,6364.705882352941,[17.03651257],3
18.03921568627451,2.68078431372549,464705.8823529412,0.711764705882353,0.46705882352941175,4.191254901960784,4.2823529411764705,3152.9411764705883,[5.88810588],3
11.294117647058822,1.2486274509803923,212352.9411764706,1.7364705882352942,0.45999999999999996,5.412745098039216,5.294117647058823,9788.235294117647,[50.76420466],3
14.823529411764707,2.0509803921568626,175294.11764705883,3.7705882352941176,0.39647058823529413,3.627490196078431,5.247058823529412,3329.4117647058824,[4.28442856],3
12.627450980392156,1.1364705882352943,155882.35294117648,2.7305882352941175,0.4211764705882354,4.44964705882353,4.423529411764706,2623.529411764706,[4.9705706],3
18.588235294117645,1.4729411764705884,99411.76470588235,0.7576470588235293,0.9047058823529412,4.590588235294117,3.7411764705882353,3576.470588235294,[4.04010699],3
14.588235294117647,3.0,171764.70588235295,1.9811764705882353,0.8305882352941176,5.600666666666667,4.788235294117647,5058.823529411765,[4.71739467],3
12.313725490196079,2.275294117647059,228235.29411764705,3.847058823529412,0.2588235294117647,2.617411764705882,5.729411764705882,6152.941176470588,[8.09136565],3
17.647058823529413,0.8603921568627452,468235.29411764705,3.327058823529412,0.908235294117647,4.144274509803921,5.023529411764706,3505.8823529411766,[2.00527937],3
22.980392156862745,0.9207843137254903,201764.70588235295,1.1858823529411764,0.6258823529411764,3.627490196078431,5.858823529411765,8094.117647058823,[12.98788804],3
18.588235294117645,1.447058823529412,482352.9411764706,0.32941176470588235,0.8235294117647058,3.6509803921568627,3.4,1741.1764705882351,[9.93180431],3
18.431372549019606,1.4815686274509805,468235.29411764705,3.327058823529412,0.908235294117647,4.144274509803921,5.023529411764706,3505.8823529411766,[2.08418569],3
12.313725490196079,2.206274509803922,482352.9411764706,0.32941176470588235,0.8235294117647058,3.6509803921568627,3.4,1282.3529411764707,[7.2345223],3
18.980392156862745,3.0,397647.0588235294,1.9811764705882353,0.43176470588235294,3.110705882352941,4.352941176470589,3152.9411764705883,[3.43896265],3
6.2745098039215685,1.1882352941176473,106470.58823529413,2.088235294117647,0.8976470588235295,4.473137254901961,3.2470588235294118,2023.5294117647059,inf,3
18.745098039215684,1.2658823529411767,115294.11764705883,3.143529411764706,0.4952941176470588,5.083882352941177,4.3882352941176475,2694.1176470588234,[3.21805553],3
8.705882352941178,1.2658823529411767,132941.17647058825,3.143529411764706,0.38235294117647056,5.083882352941177,4.3882352941176475,1635.2941176470588,[2.35345498],3
10.666666666666668,2.723921568627451,60588.23529411765,1.6141176470588234,0.8447058823529412,2.946274509803921,4.4,1105.8823529411766,[3.36555581],3
10.980392156862745,2.1286274509803924,395882.35294117645,3.2505882352941176,0.8588235294117647,4.872470588235294,4.682352941176471,4282.35294117647,[1.71128203],3
22.666666666666668,2.2407843137254906,155882.35294117648,0.42117647058823526,0.7388235294117647,3.298627450980392,3.223529411764706,5941.176470588235,[12.56913405],3
6.8235294117647065,1.3176470588235296,383529.4117647059,3.5564705882352943,0.7529411764705882,4.426156862745098,3.9647058823529413,2905.8823529411766,[1.67512945],3
18.274509803921568,2.9654901960784317,205294.11764705883,1.7670588235294118,0.4423529411764706,4.895960784313726,4.364705882352942,6188.235294117647,[3.59930806],3
10.352941176470587,3.0,65882.35294117648,0.9105882352941176,0.5305882352941177,2.359019607843137,5.905882352941177,5129.411764705882,[4.67746469],3
10.666666666666668,2.723921568627451,102941.17647058824,0.88,0.8447058823529412,2.6878823529411764,5.247058823529412,1105.8823529411766,[3.69750301],3
21.254901960784313,1.9905882352941178,60588.23529411765,1.6294117647058823,0.8588235294117647,4.5670980392156855,5.952941176470588,4882.35294117647,inf,3
20.941176470588236,2.145882352941177,461176.4705882353,1.2317647058823529,0.5588235294117647,1.020078431372549,4.341176470588235,9329.411764705883,[12.35068647],3
16.235294117647058,2.508235294117647,374705.8823529412,1.0635294117647058,0.8447058823529412,3.674470588235294,4.6,4247.058823529412,[4.4505264],3
18.588235294117645,1.4384313725490196,69411.76470588235,0.9105882352941176,0.5305882352941177,2.359019607843137,5.788235294117647,4988.235294117647,[5.93545324],3
18.03921568627451,2.68078431372549,464705.8823529412,0.711764705882353,0.46705882352941175,4.191254901960784,4.4,3152.9411764705883,[5.88334931],3
16.15686274509804,1.3607843137254902,138235.29411764705,3.648235294117647,0.4211764705882354,3.744941176470588,4.694117647058824,1247.0588235294117,[3.46543344],3
14.745098039215685,2.1286274509803924,395882.35294117645,3.2505882352941176,0.6329411764705882,5.31878431372549,5.811764705882353,4917.64705882353,[6.8581212],3
11.215686274509803,1.8266666666666667,64117.64705882353,0.9105882352941176,0.5305882352941177,2.312039215686274,5.952941176470588,4882.35294117647,[5.91923823],3
10.352941176470587,3.0,57058.82352941176,0.43647058823529417,0.8870588235294118,4.6140784313725485,5.905882352941177,5129.411764705882,[4.32408668],3
18.745098039215684,0.8086274509803922,71176.4705882353,1.1094117647058823,0.6364705882352941,5.083882352941177,4.3882352941176475,1705.8823529411766,[3.73920986],3
14.27450980392157,1.8180392156862746,132941.17647058825,3.143529411764706,0.39647058823529413,4.872470588235294,4.729411764705882,1423.5294117647059,[3.27982542],3
6.196078431372549,1.835294117647059,171764.70588235295,0.7576470588235293,0.31882352941176473,4.050313725490196,3.2470588235294118,2023.5294117647059,[29.39785997],3
6.03921568627451,2.3443137254901965,173529.4117647059,1.7670588235294118,0.8341176470588235,3.157686274509804,4.2823529411764705,2517.6470588235297,[1.78731899],3
20.15686274509804,2.3529411764705888,212352.9411764706,1.7364705882352942,0.45999999999999996,5.624156862745099,3.552941176470588,2058.823529411765,[3.48290473],3
14.588235294117647,2.9913725490196086,171764.70588235295,1.9811764705882353,0.8305882352941176,5.553686274509804,4.788235294117647,4494.117647058823,[4.03527431],3
17.80392156862745,1.0588235294117647,365882.35294117645,3.0058823529411764,0.16705882352941176,3.0167450980392156,3.2705882352941176,1247.0588235294117,[5.1655634],3
23.607843137254903,2.9654901960784317,207058.82352941178,1.7670588235294118,0.4423529411764706,4.895960784313726,4.376470588235295,4317.64705882353,[3.05911653],3
17.019607843137255,0.9035294117647059,245882.35294117648,3.5870588235294116,0.23058823529411768,4.144274509803921,4.7176470588235295,1917.6470588235293,[4.39642002],3
10.117647058823529,2.2580392156862743,438235.29411764705,2.072941176470588,0.5447058823529412,3.909372549019608,5.270588235294118,4635.2941176470595,[22.66594974],3
10.980392156862745,2.1286274509803924,395882.35294117645,3.2505882352941176,0.8588235294117647,4.684549019607843,4.682352941176471,4282.35294117647,[1.70395447],3
11.215686274509803,1.8266666666666667,57058.82352941176,0.43647058823529417,0.8870588235294118,4.7550196078431375,5.952941176470588,4882.35294117647,[5.54539479],3
16.15686274509804,1.55921568627451,81764.70588235294,1.1094117647058823,0.6505882352941177,4.5670980392156855,5.858823529411765,1423.5294117647059,[3.73637665],3
8.07843137254902,2.7411764705882353,71176.4705882353,0.17647058823529413,0.5094117647058823,3.9328627450980393,6.0,1247.0588235294117,[3.99512168],3
19.372549019607845,1.1192156862745097,448823.5294117647,2.3329411764705883,0.64,4.426156862745098,3.976470588235294,3011.764705882353,[4.49822325],3
6.8235294117647065,1.3176470588235296,173529.4117647059,1.7670588235294118,0.64,5.506705882352941,5.188235294117647,2905.8823529411766,[4.97054884],3
18.588235294117645,1.447058823529412,438235.29411764705,1.0023529411764707,0.9047058823529412,5.48321568627451,5.576470588235294,4705.882352941177,[6.40283882],3
22.03921568627451,1.8525490196078434,397647.0588235294,0.6505882352941177,0.7,5.906039215686274,5.647058823529411,3505.8823529411766,[6.13909349],3
12.313725490196079,2.2407843137254906,466470.5882352941,0.43647058823529417,0.8870588235294118,4.5670980392156855,5.952941176470588,4882.35294117647,[34.46889584],3
11.215686274509803,1.8266666666666667,72941.17647058824,2.547058823529412,0.4388235294117647,1.7482745098039216,4.411764705882353,3470.5882352941176,[6.25701739],3
19.84313725490196,2.9654901960784317,207058.82352941178,1.751764705882353,0.6470588235294118,5.9765098039215685,4.352941176470589,4882.35294117647,inf,3
23.92156862745098,2.3615686274509806,480588.23529411765,2.348235294117647,0.4423529411764706,4.895960784313726,4.376470588235295,4317.64705882353,[3.64673257],3
20.15686274509804,2.378823529411765,397647.0588235294,1.9811764705882353,0.5447058823529412,3.909372549019608,5.270588235294118,4600.0,[3.88962596],3
16.941176470588236,2.75843137254902,440000.0,1.9811764705882353,0.5447058823529412,3.909372549019608,5.270588235294118,4600.0,[4.40783814],3
18.431372549019606,2.102745098039216,155882.35294117648,1.0023529411764707,0.8941176470588235,3.9563529411764704,3.164705882352941,1317.6470588235293,[4.02200433],3
20.784313725490197,1.447058823529412,482352.9411764706,0.32941176470588235,0.8235294117647058,3.6509803921568627,3.4,5164.705882352941,[285.79759329],3
10.823529411764707,3.0,374705.8823529412,3.7094117647058824,0.34,3.909372549019608,5.352941176470589,3505.8823529411766,[8.41410913],3
9.176470588235293,1.4384313725490196,364117.64705882355,3.648235294117647,0.4211764705882354,3.744941176470588,4.776470588235294,1105.8823529411766,[2.90176487],3
12.313725490196079,2.2407843137254906,454117.64705882355,1.9811764705882353,0.908235294117647,4.144274509803921,5.023529411764706,3470.5882352941176,[4.42622108],3
18.980392156862745,3.0,411764.70588235295,2.348235294117647,0.4458823529411765,4.473137254901961,4.352941176470589,3152.9411764705883,[3.43179165],3
11.215686274509803,1.8266666666666667,57058.82352941176,0.43647058823529417,0.88,3.063725490196078,5.952941176470588,4882.35294117647,[5.50030926],3
18.588235294117645,1.4384313725490196,297058.8235294118,1.0941176470588236,0.7458823529411766,5.177843137254902,5.411764705882353,5835.294117647059,[7.2249813],3
4.549019607843137,2.7498039215686276,173529.4117647059,2.5623529411764707,0.6047058823529412,5.2483137254901955,5.258823529411765,4564.7058823529405,[1.497031],3
16.941176470588236,3.0,440000.0,1.9811764705882353,0.5447058823529412,3.909372549019608,5.270588235294118,4600.0,[4.17930707],3
12.313725490196079,2.0509803921568626,175294.11764705883,3.7705882352941176,0.39647058823529413,3.627490196078431,5.247058823529412,2623.529411764706,[3.96590774],3
11.450980392156863,1.5505882352941178,76470.58823529413,1.048235294117647,0.52,2.593921568627451,3.388235294117647,6117.64705882353,[9.88211022],3
9.725490196078432,2.75843137254902,316470.5882352941,2.914117647058824,0.7176470588235294,1.5838431372549022,3.8823529411764706,8200.0,[58.60879463],3
22.666666666666668,2.2407843137254906,155882.35294117648,0.42117647058823526,0.7388235294117647,3.674470588235294,3.223529411764706,5941.176470588235,[12.74481361],3
18.588235294117645,1.4815686274509805,342941.17647058825,2.547058823529412,0.34,5.906039215686274,5.270588235294118,3576.470588235294,[4.90472161],3
18.666666666666664,1.4039215686274509,90588.23529411765,0.6047058823529411,0.4388235294117647,1.7482745098039216,4.447058823529412,6223.529411764706,[31.28948837],3
20.15686274509804,2.3184313725490195,87058.82352941176,2.914117647058824,0.5164705882352941,5.624156862745099,5.270588235294118,2058.823529411765,[3.16360809],3
14.27450980392157,1.3607843137254902,71176.4705882353,1.1094117647058823,0.6505882352941177,4.872470588235294,4.729411764705882,1423.5294117647059,[3.73613642],3
6.8235294117647065,1.3176470588235296,256470.58823529413,0.2988235294117647,0.43529411764705883,4.426156862745098,3.9647058823529413,2905.8823529411766,[2005.69815663],3
16.07843137254902,1.1019607843137256,314705.8823529412,1.507058823529412,0.5941176470588235,4.825490196078431,4.776470588235294,1247.0588235294117,[4.02016672],3
16.941176470588236,2.75843137254902,397647.0588235294,1.9811764705882353,0.8305882352941176,5.412745098039216,5.270588235294118,4600.0,[4.51504635],3
10.980392156862745,2.1631372549019607,214117.64705882352,1.9811764705882353,0.5447058823529412,3.063725490196078,5.811764705882353,4282.35294117647,[10.30389788],3
20.15686274509804,2.3184313725490195,87058.82352941176,2.914117647058824,0.5164705882352941,5.624156862745099,5.3882352941176475,9223.529411764706,inf,3
19.607843137254903,1.0674509803921568,418823.5294117647,3.831764705882353,0.9294117647058824,5.060392156862745,3.764705882352941,2058.823529411765,[2.75614052],3
18.588235294117645,1.4384313725490196,62352.94117647059,3.7705882352941176,0.38941176470588235,2.359019607843137,5.905882352941177,4988.235294117647,[4.38786368],3
12.313725490196079,2.0509803921568626,182352.9411764706,0.9105882352941176,0.5376470588235295,3.5805098039215686,3.2705882352941176,2623.529411764706,[4.57348296],3
10.666666666666668,2.723921568627451,207058.82352941178,1.7670588235294118,0.4423529411764706,5.694627450980392,5.247058823529412,1105.8823529411766,[4.04560261],3
18.745098039215684,1.2658823529411767,132941.17647058825,3.143529411764706,0.38235294117647056,5.083882352941177,4.3882352941176475,1705.8823529411766,[3.50084195],3
18.588235294117645,1.447058823529412,482352.9411764706,0.32941176470588235,0.8235294117647058,3.6509803921568627,3.4,1317.6470588235293,[7.36163849],3
8.705882352941178,1.2658823529411767,115294.11764705883,3.143529411764706,0.38235294117647056,5.083882352941177,4.3882352941176475,1635.2941176470588,[2.33760034],3
22.11764705882353,0.9207843137254903,90588.23529411765,2.8529411764705883,0.8588235294117647,4.590588235294117,5.952941176470588,4458.823529411765,[2.64906999],3
21.254901960784313,1.9905882352941178,102941.17647058824,1.3694117647058823,0.9047058823529412,5.8825490196078425,5.952941176470588,4882.35294117647,[3.53294811],3
16.313725490196077,2.7411764705882353,111764.70588235295,0.13058823529411764,0.4882352941176471,5.2483137254901955,5.976470588235294,9223.529411764706,[2173.29751797],3
12.156862745098039,2.7843137254901964,360588.23529411765,2.501176470588235,0.4211764705882354,3.3221176470588234,4.4,2623.529411764706,[5.11593961],3
12.313725490196079,2.0509803921568626,175294.11764705883,3.327058823529412,0.908235294117647,4.144274509803921,4.776470588235294,2623.529411764706,inf,3
12.313725490196079,2.2407843137254906,468235.29411764705,3.7705882352941176,0.39647058823529413,3.5805098039215686,3.5176470588235293,3470.5882352941176,[7.97269253],3
16.313725490196077,1.1882352941176473,106470.58823529413,2.088235294117647,0.4,4.7080392156862745,3.364705882352941,3011.764705882353,[4.28388342],3
6.431372549019608,2.5254901960784317,410000.0,1.1552941176470588,0.20588235294117646,3.110705882352941,3.2470588235294118,2023.5294117647059,[43.24191294],3
15.137254901960784,1.1364705882352943,155882.35294117648,2.7305882352941175,0.4211764705882354,4.426156862745098,3.2941176470588234,3329.4117647058824,[5.0326538],3
21.176470588235293,1.2658823529411767,111764.70588235295,3.143529411764706,0.38588235294117645,3.3221176470588234,4.352941176470589,7070.588235294118,[5.35776461],3
22.980392156862745,0.9207843137254903,201764.70588235295,1.1858823529411764,0.6223529411764707,5.64764705882353,5.023529411764706,3400.0,[4.45194021],3
20.941176470588236,2.102745098039216,468235.29411764705,3.327058823529412,0.9294117647058824,3.627490196078431,5.858823529411765,8517.64705882353,[6.42505832],3
19.92156862745098,1.3349019607843138,111764.70588235295,3.143529411764706,0.4141176470588236,4.426156862745098,4.423529411764706,3329.4117647058824,[3.5381138],3
20.15686274509804,2.2580392156862743,438235.29411764705,2.378823529411765,0.2588235294117647,2.593921568627451,5.31764705882353,3470.5882352941176,[4.53935688],3
8.07843137254902,2.9396078431372548,81764.70588235294,0.17647058823529413,0.5094117647058823,3.9328627450980393,5.435294117647059,1529.4117647058824,[4.5415082],3
15.058823529411764,2.723921568627451,69411.76470588235,3.1588235294117646,0.7141176470588235,3.909372549019608,5.929411764705883,4635.2941176470595,[2.17385722],3
18.431372549019606,1.4815686274509805,468235.29411764705,3.327058823529412,0.908235294117647,4.144274509803921,4.882352941176471,3505.8823529411766,[2.07026443],4
18.588235294117645,1.447058823529412,482352.9411764706,0.32941176470588235,0.8235294117647058,3.6509803921568627,3.541176470588235,1317.6470588235293,[7.33564186],4
12.549019607843137,2.723921568627451,69411.76470588235,0.5435294117647058,0.4211764705882354,3.3221176470588234,4.4,2623.529411764706,[3.40551867],4
4.549019607843137,2.7498039215686276,173529.4117647059,2.5623529411764707,0.6047058823529412,5.2483137254901955,5.258823529411765,4564.7058823529405,[1.497031],4
17.80392156862745,1.0588235294117647,115294.11764705883,3.067058823529412,0.7741176470588236,2.429490196078431,5.988235294117647,1917.6470588235293,[2.6797626],4
8.705882352941178,1.2658823529411767,380000.0,4.0,0.38235294117647056,5.083882352941177,4.3882352941176475,1635.2941176470588,[2.73540835],4
18.588235294117645,1.447058823529412,410000.0,0.43647058823529417,0.8870588235294118,4.5670980392156855,5.952941176470588,4705.882352941177,[25.61360997],4
12.313725490196079,2.2407843137254906,494705.8823529412,1.0023529411764707,0.9047058823529412,5.48321568627451,5.576470588235294,4882.35294117647,[12.3803899],4
18.588235294117645,2.9654901960784317,226470.58823529413,0.3905882352941177,0.16,4.895960784313726,4.364705882352942,6188.235294117647,[5704.2003985],4
11.215686274509803,1.8266666666666667,76470.58823529413,1.6600000000000001,0.8870588235294118,5.2483137254901955,5.270588235294118,1494.1176470588234,[2.79767415],4
20.15686274509804,2.3529411764705888,166470.5882352941,3.4647058823529413,0.23411764705882354,5.083882352941177,4.3882352941176475,4600.0,[3.54093179],4
8.705882352941178,1.2658823529411767,132941.17647058825,3.143529411764706,0.38235294117647056,3.345607843137255,5.270588235294118,1635.2941176470588,[2.29117385],4
14.431372549019608,2.723921568627451,182352.9411764706,3.1588235294117646,0.6011764705882353,4.003333333333334,3.764705882352941,4635.2941176470595,[4.11019553],4
6.196078431372549,1.2658823529411767,115294.11764705883,3.143529411764706,0.38235294117647056,5.083882352941177,4.2823529411764705,2517.6470588235297,[2.27492876],4
7.0588235294117645,2.9913725490196086,212352.9411764706,1.7364705882352942,0.45999999999999996,5.412745098039216,5.294117647058823,9364.70588235294,[65.6913908],4
11.294117647058822,1.2486274509803923,171764.70588235295,1.9811764705882353,0.8305882352941176,5.2483137254901955,4.905882352941177,4141.176470588235,[3.75032418],4
17.80392156862745,1.0588235294117647,339411.76470588235,3.2505882352941176,0.8482352941176471,4.872470588235294,4.729411764705882,1458.8235294117646,[3.24785366],4
14.27450980392157,1.8180392156862746,132941.17647058825,3.143529411764706,0.4070588235294118,4.5670980392156855,4.4,1211.764705882353,[3.486892],4
14.588235294117647,3.0,60588.23529411765,1.6752941176470588,0.8447058823529412,2.9697647058823526,4.8,3152.9411764705883,[3.03334554],4
10.666666666666668,2.7152941176470593,171764.70588235295,1.9811764705882353,0.8305882352941176,5.577176470588236,4.141176470588235,3364.705882352941,[2.40030479],4
16.235294117647058,2.508235294117647,72941.17647058824,1.1400000000000001,0.24823529411764708,3.674470588235294,4.6,4247.058823529412,[4.28377712],4
17.019607843137255,1.3607843137254902,374705.8823529412,1.0635294117647058,0.8447058823529412,5.64764705882353,4.729411764705882,1247.0588235294117,[4.08193618],4
16.392156862745097,2.3701960784313725,132941.17647058825,3.143529411764706,0.38235294117647056,5.036901960784314,5.270588235294118,4600.0,[3.92976369],4
18.745098039215684,1.2486274509803923,166470.5882352941,3.4647058823529413,0.23411764705882354,5.83556862745098,4.3882352941176475,1705.8823529411766,[3.74212725],4
6.666666666666666,2.335686274509804,145294.11764705883,2.9447058823529413,0.14941176470588236,4.5670980392156855,5.576470588235294,8376.470588235294,[36.51812261],4
22.11764705882353,1.4125490196078432,364117.64705882355,3.648235294117647,0.18823529411764706,3.744941176470588,5.164705882352941,1070.5882352941176,[4.7020432],4
16.941176470588236,2.75843137254902,397647.0588235294,1.9811764705882353,0.8305882352941176,5.412745098039216,5.270588235294118,4600.0,[4.51504635],4
6.196078431372549,1.2658823529411767,115294.11764705883,3.143529411764706,0.38235294117647056,5.083882352941177,4.2823529411764705,2517.6470588235297,[2.27492876],4
11.215686274509803,1.9905882352941178,102941.17647058824,0.8952941176470587,0.8588235294117647,4.590588235294117,5.858823529411765,2976.470588235294,[5.85966537],4
18.588235294117645,1.4729411764705884,99411.76470588235,0.7576470588235293,0.9047058823529412,4.590588235294117,3.7411764705882353,3576.470588235294,[4.04010699],4
20.15686274509804,2.3529411764705888,166470.5882352941,3.4647058823529413,0.23411764705882354,5.600666666666667,5.270588235294118,4600.0,[3.52047889],4
20.941176470588236,1.1192156862745097,448823.5294117647,2.3329411764705883,0.6470588235294118,3.2516470588235293,3.317647058823529,3011.764705882353,[4.08118592],4
10.666666666666668,2.723921568627451,207058.82352941178,0.7576470588235293,0.8941176470588235,5.694627450980392,5.247058823529412,1105.8823529411766,[4.22840624],4
18.588235294117645,1.4729411764705884,99411.76470588235,1.7670588235294118,0.4529411764705883,4.590588235294117,3.7411764705882353,3576.470588235294,[3.90895838],4
10.980392156862745,2.723921568627451,207058.82352941178,1.7670588235294118,0.4423529411764706,5.694627450980392,5.247058823529412,1458.8235294117646,[4.12446012],4
10.666666666666668,2.1286274509803924,395882.35294117645,3.2505882352941176,0.8588235294117647,4.872470588235294,4.682352941176471,3929.4117647058824,[1.75240395],4
11.450980392156863,1.5505882352941178,76470.58823529413,1.048235294117647,0.5447058823529412,3.909372549019608,5.270588235294118,4600.0,[7.09386482],4
20.15686274509804,2.378823529411765,397647.0588235294,1.9811764705882353,0.52,2.593921568627451,3.388235294117647,6117.64705882353,inf,4
12.235294117647058,2.154509803921569,252941.17647058822,3.1588235294117646,0.7141176470588235,3.5805098039215686,5.141176470588235,2623.529411764706,[2.15016079],4
18.588235294117645,1.4384313725490196,297058.8235294118,1.0941176470588236,0.7458823529411766,5.177843137254902,5.411764705882353,5835.294117647059,[7.2249813],4
8.784313725490197,2.171764705882353,448823.5294117647,3.648235294117647,0.18823529411764706,3.744941176470588,5.894117647058824,1635.2941176470588,[31.36300756],4
22.11764705882353,0.8603921568627452,369411.76470588235,3.143529411764706,0.38588235294117645,5.083882352941177,3.2823529411764705,1070.5882352941176,[4.52242502],4
12.313725490196079,2.0509803921568626,182352.9411764706,0.88,0.9047058823529412,5.906039215686274,3.6470588235294117,2623.529411764706,[4.86357624],4
12.313725490196079,2.0509803921568626,217647.0588235294,0.788235294117647,0.5376470588235295,3.5805098039215686,3.176470588235294,2623.529411764706,[5.07942766],4
18.588235294117645,2.896470588235294,404705.8823529412,1.7670588235294118,0.4423529411764706,4.895960784313726,4.364705882352942,6188.235294117647,[4.52473123],4
20.15686274509804,2.3615686274509806,87058.82352941176,1.9811764705882353,0.5447058823529412,5.600666666666667,3.388235294117647,4600.0,[3.32633532],4
22.11764705882353,0.9207843137254903,102941.17647058824,3.3423529411764705,0.8588235294117647,4.590588235294117,5.952941176470588,4458.823529411765,[2.07602535],4
14.823529411764707,2.0509803921568626,316470.5882352941,2.7611764705882353,0.971764705882353,4.5670980392156855,5.811764705882353,4917.64705882353,[1.94148945],4
8.549019607843137,1.5419607843137255,129411.76470588235,3.5564705882352943,0.7529411764705882,4.426156862745098,4.423529411764706,3576.470588235294,inf,4
15.137254901960784,1.127843137254902,102941.17647058824,0.7576470588235293,0.9047058823529412,4.590588235294117,3.7411764705882353,3258.823529411765,[5.04731231],4
16.470588235294116,2.5254901960784317,404705.8823529412,0.88,0.8447058823529412,2.6878823529411764,5.247058823529412,3011.764705882353,[4.08184809],4
10.666666666666668,2.723921568627451,102941.17647058824,1.7670588235294118,0.4423529411764706,4.895960784313726,3.364705882352941,1105.8823529411766,[3.77183244],4
12.313725490196079,2.206274509803922,482352.9411764706,0.32941176470588235,0.8235294117647058,3.5805098039215686,3.364705882352941,2411.764705882353,[19.04568771],4
16.313725490196077,1.1882352941176473,120588.23529411765,2.088235294117647,0.4,4.778509803921568,3.4,4141.176470588235,[5.51212207],4
16.470588235294116,3.0,411764.70588235295,2.348235294117647,0.4458823529411765,4.473137254901961,4.352941176470589,3152.9411764705883,[3.74340955],4
18.588235294117645,1.1019607843137256,314705.8823529412,1.507058823529412,0.5941176470588235,4.825490196078431,4.776470588235294,1247.0588235294117,[4.05724379],4
23.92156862745098,2.68078431372549,230000.0,0.9105882352941176,0.8447058823529412,2.6878823529411764,5.247058823529412,1423.5294117647059,[4.18662728],4
10.117647058823529,2.2407843137254906,155882.35294117648,0.42117647058823526,0.6752941176470588,4.191254901960784,4.2823529411764705,1105.8823529411766,[4.05570044],4
15.137254901960784,1.2745098039215688,397647.0588235294,1.9811764705882353,0.5447058823529412,4.426156862745098,4.423529411764706,3258.823529411765,[6.57355401],4
20.15686274509804,2.3701960784313725,129411.76470588235,3.5564705882352943,0.7529411764705882,3.909372549019608,5.270588235294118,4600.0,[2.40548817],4
18.431372549019606,2.102745098039216,148823.5294117647,1.0023529411764707,0.38235294117647056,5.083882352941177,3.8941176470588235,1317.6470588235293,[4.04922776],4
8.705882352941178,1.2658823529411767,115294.11764705883,3.143529411764706,0.8941176470588235,3.9563529411764704,3.635294117647059,1635.2941176470588,inf,4
15.215686274509803,2.723921568627451,408235.29411764705,0.2529411764705882,0.9117647058823529,5.9295294117647055,4.423529411764706,3258.823529411765,[8.92164623],4
20.15686274509804,2.3529411764705888,212352.9411764706,1.7364705882352942,0.27294117647058824,4.12078431372549,5.270588235294118,2058.823529411765,[3.52095428],4
18.588235294117645,1.447058823529412,438235.29411764705,1.0023529411764707,0.4529411764705883,5.48321568627451,5.576470588235294,4705.882352941177,[18.56147785],4
23.686274509803923,2.9913725490196086,212352.9411764706,1.9811764705882353,0.9964705882352941,3.909372549019608,5.270588235294118,4317.64705882353,inf,4
12.313725490196079,2.0509803921568626,182352.9411764706,0.8952941176470587,0.3682352941176471,3.5805098039215686,3.2705882352941176,2623.529411764706,[4.88352131],4
10.823529411764707,3.0,374705.8823529412,3.724705882352941,0.5094117647058823,3.909372549019608,5.352941176470589,3505.8823529411766,[5.37855926],4
20.15686274509804,2.3529411764705888,207058.82352941178,1.507058823529412,0.23411764705882354,3.345607843137255,5.270588235294118,4600.0,[5.86430544],4
10.666666666666668,2.723921568627451,166470.5882352941,3.724705882352941,0.4423529411764706,5.694627450980392,5.247058823529412,1105.8823529411766,[3.48597657],4
20.15686274509804,2.3529411764705888,212352.9411764706,1.7364705882352942,0.8376470588235294,5.9295294117647055,3.2941176470588234,3329.4117647058824,[3.2413056],4
15.137254901960784,1.1364705882352943,155882.35294117648,2.7305882352941175,0.4211764705882354,4.144274509803921,5.270588235294118,2058.823529411765,[3.74341132],4
14.745098039215685,2.7498039215686276,311176.4705882353,2.3329411764705883,0.6364705882352941,5.9765098039215685,5.952941176470588,4917.64705882353,[5.92100417],4
20.15686274509804,2.3615686274509806,457647.0588235294,3.7705882352941176,0.39647058823529413,3.909372549019608,5.270588235294118,4600.0,[3.97046569],4
7.137254901960784,2.4133333333333336,346470.5882352941,3.418823529411765,0.4,5.600666666666667,4.8,1458.8235294117646,[2.78609532],4
14.823529411764707,2.0509803921568626,175294.11764705883,3.7705882352941176,0.39647058823529413,3.627490196078431,5.247058823529412,3329.4117647058824,[4.28442856],4
16.15686274509804,1.3607843137254902,138235.29411764705,3.648235294117647,0.4211764705882354,3.744941176470588,4.694117647058824,1247.0588235294117,[3.46543344],4
19.84313725490196,1.3349019607843138,395882.35294117645,3.0976470588235294,0.45999999999999996,5.788588235294117,5.270588235294118,4600.0,[4.88057601],4
4.549019607843137,2.7498039215686276,168235.29411764705,3.1741176470588237,0.6047058823529412,5.2483137254901955,5.258823529411765,4564.7058823529405,inf,4
15.058823529411764,2.723921568627451,74705.88235294117,2.547058823529412,0.7141176470588235,3.909372549019608,5.929411764705883,4635.2941176470595,[3.74223264],4
12.549019607843137,2.723921568627451,118823.5294117647,1.0023529411764707,0.8305882352941176,5.765098039215686,4.4,2623.529411764706,[3.91215484],4
18.03921568627451,2.68078431372549,462941.17647058825,1.6905882352941175,0.46705882352941175,4.191254901960784,4.2823529411764705,3152.9411764705883,[3.84007748],4
18.980392156862745,2.1631372549019607,214117.64705882352,1.8894117647058826,0.5800000000000001,1.4898823529411764,5.858823529411765,3152.9411764705883,inf,4
10.980392156862745,3.0,399411.76470588235,2.96,0.5447058823529412,3.063725490196078,5.811764705882353,4282.35294117647,[12.0987537],4
19.372549019607845,1.1019607843137256,440000.0,1.9811764705882353,0.5447058823529412,4.003333333333334,5.2,3011.764705882353,[4.89728485],4
4.549019607843137,2.9913725490196086,171764.70588235295,1.9811764705882353,0.8305882352941176,5.2483137254901955,5.258823529411765,4564.7058823529405,[1.44384718],4
21.098039215686274,1.2572549019607844,448823.5294117647,2.3329411764705883,0.6470588235294118,5.506705882352941,3.317647058823529,2976.470588235294,[3.85274052],4
20.941176470588236,1.1105882352941177,214117.64705882352,1.9811764705882353,0.5447058823529412,3.909372549019608,5.270588235294118,4917.64705882353,[4.73171477],4
22.50980392156863,2.7411764705882353,71176.4705882353,0.17647058823529413,0.5094117647058823,4.050313725490196,4.670588235294118,1000.0,[7.62658607],4
7.921568627450981,2.1286274509803924,166470.5882352941,3.4647058823529413,0.4423529411764706,3.181176470588235,6.0,1247.0588235294117,[2.64993146],4
8.07843137254902,2.9396078431372548,81764.70588235294,1.1400000000000001,0.24823529411764708,3.9328627450980393,5.435294117647059,1529.4117647058824,[3.77193749],4
17.019607843137255,1.3607843137254902,72941.17647058824,0.17647058823529413,0.5094117647058823,5.64764705882353,4.729411764705882,1247.0588235294117,[10.90697823],4
18.745098039215684,1.2658823529411767,115294.11764705883,3.143529411764706,0.4952941176470588,4.895960784313726,4.376470588235295,2694.1176470588234,[3.24020805],4
23.607843137254903,2.9654901960784317,207058.82352941178,1.7670588235294118,0.4423529411764706,5.083882352941177,4.3882352941176475,4317.64705882353,[3.06096214],4
20.15686274509804,2.3529411764705888,212352.9411764706,1.2929411764705883,0.8588235294117647,4.684549019607843,4.682352941176471,4317.64705882353,[3.39310174],4
10.980392156862745,2.1286274509803924,395882.35294117645,3.6941176470588237,0.8376470588235294,5.64764705882353,5.270588235294118,2023.5294117647059,inf,4
17.019607843137255,1.3607843137254902,72941.17647058824,1.1400000000000001,0.24823529411764708,5.671137254901961,4.682352941176471,1247.0588235294117,[4.2663472],4
10.980392156862745,2.1286274509803924,395882.35294117645,3.2505882352941176,0.8588235294117647,4.848980392156863,4.729411764705882,4282.35294117647,[1.7239836],4
16.470588235294116,2.5254901960784317,406470.5882352941,1.7670588235294118,0.4423529411764706,4.895960784313726,3.364705882352941,3011.764705882353,[4.102543],4
16.15686274509804,1.55921568627451,80000.0,1.1094117647058823,0.6505882352941177,4.5670980392156855,5.858823529411765,1423.5294117647059,[3.7591752],4
15.137254901960784,2.102745098039216,155882.35294117648,3.6941176470588237,0.3011764705882353,4.426156862745098,4.423529411764706,3258.823529411765,[3.93724001],4
16.941176470588236,2.75843137254902,440000.0,1.8435294117647059,0.9964705882352941,3.909372549019608,5.270588235294118,4600.0,[4.6094355],4
12.156862745098039,2.75843137254902,207058.82352941178,1.7670588235294118,0.491764705882353,5.718117647058824,4.4,2482.3529411764703,[4.24895817],4
4.549019607843137,2.9913725490196086,171764.70588235295,1.9811764705882353,0.7811764705882354,5.2483137254901955,5.258823529411765,4564.7058823529405,[1.44881364],4
20.941176470588236,2.102745098039216,268823.5294117647,1.0635294117647058,0.4529411764705883,3.909372549019608,5.341176470588236,1423.5294117647059,[4.0569158],4
10.823529411764707,3.0,374705.8823529412,3.7094117647058824,0.34705882352941175,5.624156862745099,5.164705882352941,3505.8823529411766,[8.50593281],4
14.823529411764707,2.0509803921568626,328823.5294117647,3.2505882352941176,0.8588235294117647,4.5670980392156855,5.811764705882353,4917.64705882353,[1.99014834],4
14.823529411764707,2.0509803921568626,328823.5294117647,3.2505882352941176,0.8588235294117647,4.5670980392156855,5.811764705882353,4917.64705882353,[1.99014834],4
18.588235294117645,2.8792156862745104,94117.64705882352,1.7670588235294118,0.4423529411764706,4.895960784313726,4.364705882352942,6188.235294117647,[3.41100868],4
14.27450980392157,1.8180392156862746,132941.17647058825,3.143529411764706,0.39647058823529413,4.872470588235294,4.729411764705882,1423.5294117647059,[3.27982542],4
4.549019607843137,2.9913725490196086,171764.70588235295,1.92,0.38588235294117645,5.2483137254901955,5.258823529411765,4564.7058823529405,[513.1460309],4
6.196078431372549,1.2658823529411767,115294.11764705883,3.204705882352941,0.8270588235294117,5.083882352941177,4.2823529411764705,2517.6470588235297,inf,4
20.862745098039216,1.8180392156862746,115294.11764705883,3.143529411764706,0.38235294117647056,5.083882352941177,4.3882352941176475,1917.6470588235293,[3.42922613],4
8.705882352941178,1.0588235294117647,166470.5882352941,3.4647058823529413,0.5094117647058823,5.177843137254902,4.364705882352942,1635.2941176470588,[2.27773998],4
17.568627450980394,2.7152941176470593,339411.76470588235,3.2505882352941176,0.8588235294117647,4.5670980392156855,6.0,1247.0588235294117,[3.90739653],4
12.784313725490197,1.0674509803921568,69411.76470588235,0.5435294117647058,0.39294117647058824,3.3221176470588234,4.4,1494.1176470588234,[5.58948014],4
22.58823529411765,2.723921568627451,71176.4705882353,1.1094117647058823,0.6505882352941177,4.872470588235294,4.729411764705882,1423.5294117647059,[4.10136181],4
4.235294117647059,1.3607843137254902,67647.05882352941,2.547058823529412,0.4388235294117647,1.7247843137254903,4.4,2623.529411764706,inf,4
4.549019607843137,2.9913725490196086,175294.11764705883,3.7705882352941176,0.39647058823529413,3.5805098039215686,3.2705882352941176,2588.235294117647,[1.72425498],4
12.313725490196079,2.0509803921568626,171764.70588235295,1.9811764705882353,0.8305882352941176,5.2483137254901955,4.905882352941177,3752.9411764705883,[3.18173723],4
22.11764705882353,0.9207843137254903,90588.23529411765,2.8529411764705883,0.8588235294117647,4.590588235294117,5.952941176470588,4458.823529411765,[2.64906999],4
8.705882352941178,1.2658823529411767,115294.11764705883,2.1647058823529415,0.38235294117647056,5.083882352941177,4.3882352941176475,1670.5882352941176,[5.45502477],4
20.862745098039216,1.6109803921568628,392352.9411764706,3.4647058823529413,0.5094117647058823,5.177843137254902,4.364705882352942,8835.29411764706,[6.65437755],4
6.8235294117647065,1.3176470588235296,383529.4117647059,3.5564705882352943,0.7529411764705882,4.426156862745098,3.9647058823529413,2905.8823529411766,[1.67512945],4
8.705882352941178,1.2658823529411767,115294.11764705883,3.143529411764706,0.38235294117647056,5.083882352941177,5.905882352941177,5023.529411764706,[52.33327925],4
10.352941176470587,3.0,65882.35294117648,0.9105882352941176,0.5305882352941177,2.2650588235294116,4.364705882352942,4000.0,inf,4
16.15686274509804,1.8611764705882354,207058.82352941178,1.9811764705882353,0.8305882352941176,5.177843137254902,3.9529411764705884,1423.5294117647059,[3.34748269],4
4.549019607843137,2.9913725490196086,171764.70588235295,1.5988235294117648,0.7494117647058823,6.0,4.905882352941177,3717.6470588235293,[2.33324611],4
4.549019607843137,2.9913725490196086,171764.70588235295,1.8129411764705883,0.39647058823529413,3.627490196078431,4.905882352941177,3717.6470588235293,[448.90699301],4
22.980392156862745,0.9207843137254903,201764.70588235295,1.1858823529411764,0.6258823529411764,3.627490196078431,5.858823529411765,8094.117647058823,[12.98788804],4
18.745098039215684,1.2658823529411767,115294.11764705883,3.0976470588235294,0.7141176470588235,3.5805098039215686,5.141176470588235,3576.470588235294,[2.48983148],4
8.549019607843137,1.4729411764705884,140000.0,3.204705882352941,0.38235294117647056,5.083882352941177,4.3882352941176475,1635.2941176470588,[2.36271854],4
15.215686274509803,2.171764705882353,399411.76470588235,1.7670588235294118,0.9964705882352941,4.050313725490196,4.423529411764706,3258.823529411765,[3.63890909],4
18.745098039215684,1.3176470588235296,399411.76470588235,2.623529411764706,0.6717647058823529,4.473137254901961,4.352941176470589,3152.9411764705883,[3.79685966],4
20.627450980392158,1.1192156862745097,448823.5294117647,2.3329411764705883,0.6611764705882353,5.506705882352941,5.011764705882353,3011.764705882353,[3.89724018],4
18.588235294117645,1.4729411764705884,140000.0,3.1588235294117646,0.6929411764705883,3.5805098039215686,5.141176470588235,3576.470588235294,[2.60312785],4
22.11764705882353,0.9207843137254903,90588.23529411765,2.8529411764705883,0.8588235294117647,5.083882352941177,3.6941176470588237,4458.823529411765,[2.72770948],4
12.313725490196079,2.0509803921568626,182352.9411764706,0.9105882352941176,0.5376470588235295,3.0872156862745097,5.529411764705882,2623.529411764706,[4.52061257],4
21.49019607843137,1.5764705882352943,120588.23529411765,3.418823529411765,0.34352941176470586,5.9295294117647055,4.788235294117647,5164.705882352941,[3.8870125],4
20.15686274509804,2.3529411764705888,212352.9411764706,1.7364705882352942,0.8376470588235294,3.3925882352941175,5.270588235294118,2058.823529411765,[3.21089683],4
14.823529411764707,2.0509803921568626,321764.70588235295,3.2505882352941176,0.8729411764705882,4.379176470588235,5.811764705882353,4917.64705882353,[1.91325659],4
9.803921568627452,2.3529411764705888,177058.82352941175,1.583529411764706,0.12470588235294118,4.684549019607843,5.964705882352941,8835.29411764706,[104.90202816],4
10.980392156862745,2.1286274509803924,399411.76470588235,2.547058823529412,0.34,5.906039215686274,5.270588235294118,4282.35294117647,[13.75733465],4
18.588235294117645,1.4815686274509805,339411.76470588235,3.2505882352941176,0.8588235294117647,4.872470588235294,4.682352941176471,3576.470588235294,[2.09426111],4
20.15686274509804,2.3529411764705888,212352.9411764706,1.7364705882352942,0.45999999999999996,5.624156862745099,3.5058823529411764,2058.823529411765,[3.48449407],4
19.607843137254903,1.0674509803921568,418823.5294117647,3.831764705882353,0.9294117647058824,5.060392156862745,3.764705882352941,2058.823529411765,[2.75614052],4
10.117647058823529,1.2486274509803923,177058.82352941175,1.583529411764706,0.1388235294117647,4.496627450980393,5.964705882352941,8835.29411764706,[1824.8136307],4
19.84313725490196,2.378823529411765,397647.0588235294,1.9811764705882353,0.5447058823529412,3.909372549019608,5.270588235294118,4600.0,[3.93639079],4
23.607843137254903,2.75843137254902,440000.0,1.9811764705882353,0.5447058823529412,4.144274509803921,4.376470588235295,4317.64705882353,[3.36628169],4
19.372549019607845,1.3090196078431373,207058.82352941178,1.7670588235294118,0.4423529411764706,4.7550196078431375,5.2,3011.764705882353,[4.04621338],4
8.07843137254902,2.7411764705882353,71176.4705882353,0.17647058823529413,0.5094117647058823,4.12078431372549,6.0,1247.0588235294117,[4.00281862],4
20.15686274509804,2.378823529411765,397647.0588235294,1.9811764705882353,0.5447058823529412,5.412745098039216,3.388235294117647,4600.0,[3.99416139],4
10.666666666666668,2.723921568627451,60588.23529411765,1.5988235294117648,0.64,4.426156862745098,3.976470588235294,3082.3529411764707,[4.55493061],4
19.372549019607845,1.1192156862745097,448823.5294117647,2.409411764705882,0.8447058823529412,2.946274509803921,4.141176470588235,3294.1176470588234,inf,4
10.980392156862745,2.1286274509803924,395882.35294117645,2.088235294117647,0.4,4.872470588235294,4.682352941176471,4282.35294117647,[13.54475089],4
16.313725490196077,1.1882352941176473,106470.58823529413,3.2505882352941176,0.8588235294117647,4.7080392156862745,3.364705882352941,3011.764705882353,[2.12195255],4
9.725490196078432,2.818823529411765,191176.4705882353,0.9105882352941176,0.6188235294117648,2.6878823529411764,5.2,9329.411764705883,[10.88229039],4
22.352941176470587,2.1286274509803924,397647.0588235294,1.9811764705882353,0.8941176470588235,3.674470588235294,4.670588235294118,1000.0,[4.86636241],4
9.176470588235293,1.4384313725490196,360588.23529411765,1.7364705882352942,0.45999999999999996,5.624156862745099,5.270588235294118,1105.8823529411766,[5.98692801],4
20.15686274509804,2.3529411764705888,215882.35294117648,3.648235294117647,0.4211764705882354,3.744941176470588,4.776470588235294,2058.823529411765,[3.34672413],4
23.686274509803923,2.9913725490196086,214117.64705882352,3.327058823529412,0.908235294117647,5.412745098039216,5.270588235294118,4317.64705882353,inf,4
10.117647058823529,1.9647058823529413,466470.5882352941,1.9811764705882353,0.5447058823529412,4.003333333333334,5.435294117647059,8800.0,[525.44621347],4
10.352941176470587,3.0,401176.4705882353,0.9105882352941176,0.5305882352941177,2.359019607843137,5.905882352941177,5129.411764705882,[11.26948454],4
18.980392156862745,3.0,64117.64705882353,2.623529411764706,0.6717647058823529,4.003333333333334,3.011764705882353,3152.9411764705883,inf,4
16.862745098039216,1.3176470588235296,173529.4117647059,1.7670588235294118,0.64,5.506705882352941,5.1764705882352935,4600.0,[5.16540163],4
6.901960784313726,2.75843137254902,397647.0588235294,1.9811764705882353,0.8305882352941176,5.412745098039216,5.2823529411764705,2905.8823529411766,[1.85749765],4
21.254901960784313,2.810196078431373,217647.0588235294,0.7576470588235293,0.9047058823529412,5.906039215686274,3.552941176470588,2411.764705882353,[3.29891404],4
12.313725490196079,2.059607843137255,432941.17647058825,1.7670588235294118,0.45999999999999996,5.506705882352941,5.247058823529412,2341.176470588235,[6.09468067],4
11.215686274509803,1.8266666666666667,57058.82352941176,0.43647058823529417,0.8870588235294118,4.7550196078431375,5.952941176470588,4882.35294117647,[5.54539479],4
12.156862745098039,2.75843137254902,207058.82352941178,1.7670588235294118,0.4423529411764706,5.718117647058824,4.4,2482.3529411764703,[4.21943691],4
18.588235294117645,2.9654901960784317,212352.9411764706,1.4917647058823529,0.5447058823529412,3.063725490196078,4.364705882352942,6188.235294117647,[3.6309497],4
10.980392156862745,2.1631372549019607,214117.64705882352,1.6447058823529412,0.17411764705882354,4.802,5.811764705882353,4282.35294117647,[10.94694055],4
17.80392156862745,1.0588235294117647,339411.76470588235,3.2658823529411762,0.8941176470588235,3.8154117647058823,6.0,3505.8823529411766,[1.99729304],4
20.627450980392158,2.102745098039216,159411.76470588235,0.9870588235294117,0.6329411764705882,4.7080392156862745,3.1411764705882352,9682.35294117647,[10.22489269],4
11.215686274509803,1.9905882352941178,297058.8235294118,1.0941176470588236,0.8588235294117647,4.5670980392156855,5.952941176470588,3752.9411764705883,[10.21987079],4
8.549019607843137,1.447058823529412,99411.76470588235,0.8952941176470587,0.7458823529411766,5.177843137254902,5.4,5835.294117647059,[29.49211574],4
21.49019607843137,2.171764705882353,399411.76470588235,1.7670588235294118,0.9964705882352941,4.050313725490196,4.482352941176471,5164.705882352941,inf,4
14.352941176470589,2.102745098039216,159411.76470588235,1.0023529411764707,0.8941176470588235,3.9563529411764704,3.1058823529411765,3258.823529411765,[4.28126135],4
14.745098039215685,2.1286274509803924,410000.0,0.43647058823529417,0.6576470588235295,5.624156862745099,3.552941176470588,3152.9411764705883,[15.18170849],4
15.215686274509803,1.0329411764705883,141764.70588235295,3.2505882352941176,0.6329411764705882,5.31878431372549,5.811764705882353,4882.35294117647,[4.94795864],4
19.372549019607845,1.1192156862745097,448823.5294117647,2.3329411764705883,0.64,4.426156862745098,3.976470588235294,3011.764705882353,[4.49822325],4
8.07843137254902,2.9396078431372548,81764.70588235294,0.17647058823529413,0.5094117647058823,3.9328627450980393,5.435294117647059,1529.4117647058824,[4.5415082],4
15.215686274509803,1.2745098039215688,397647.0588235294,1.8588235294117648,0.908235294117647,4.144274509803921,5.023529411764706,3505.8823529411766,[5.9038721],4
23.45098039215686,1.4815686274509805,468235.29411764705,3.4494117647058826,0.5447058823529412,3.909372549019608,5.270588235294118,4600.0,[3.91008799],4
20.941176470588236,2.145882352941177,461176.4705882353,1.2317647058823529,0.5588235294117647,1.020078431372549,4.341176470588235,9329.411764705883,[12.35068647],4
21.49019607843137,1.5764705882352943,120588.23529411765,3.418823529411765,0.34352941176470586,3.674470588235294,4.788235294117647,5164.705882352941,[3.92095544],4
18.588235294117645,1.4729411764705884,140000.0,3.1588235294117646,0.7141176470588235,3.5805098039215686,5.247058823529412,1317.6470588235293,[3.56325567],4
10.666666666666668,2.723921568627451,102941.17647058824,0.88,0.8447058823529412,2.6878823529411764,5.141176470588235,3364.705882352941,[5.45691123],4
21.49019607843137,1.5764705882352943,120588.23529411765,3.418823529411765,0.34352941176470586,3.674470588235294,4.788235294117647,5164.705882352941,[3.92095544],4
16.313725490196077,1.1882352941176473,106470.58823529413,2.088235294117647,0.4,4.7080392156862745,3.364705882352941,3011.764705882353,[4.28388342],4
18.274509803921568,2.9654901960784317,171764.70588235295,1.9811764705882353,0.7811764705882354,4.895960784313726,4.364705882352942,6188.235294117647,inf,4
10.980392156862745,2.1631372549019607,205294.11764705883,1.7670588235294118,0.491764705882353,4.5670980392156855,5.811764705882353,8800.0,[16.23407738],4
18.509803921568626,2.1286274509803924,395882.35294117645,3.2505882352941176,0.8588235294117647,4.5670980392156855,4.352941176470589,3152.9411764705883,[2.24299292],4
15.215686274509803,3.0,411764.70588235295,2.348235294117647,0.4458823529411765,4.473137254901961,5.811764705882353,4917.64705882353,[4.93768232],4
14.823529411764707,2.0509803921568626,328823.5294117647,3.2505882352941176,0.8588235294117647,4.5670980392156855,5.811764705882353,4917.64705882353,[1.99014834],4
15.137254901960784,1.2658823529411767,129411.76470588235,3.5564705882352943,0.7529411764705882,4.426156862745098,4.423529411764706,3258.823529411765,[2.00046373],4
18.03921568627451,2.68078431372549,464705.8823529412,1.0941176470588236,0.7458823529411766,5.177843137254902,4.4,3152.9411764705883,[3.80092204],4
18.588235294117645,1.7145098039215687,411764.70588235295,0.711764705882353,0.5235294117647059,4.191254901960784,5.4,6400.0,[56.74657958],4
20.941176470588236,2.145882352941177,90588.23529411765,2.8529411764705883,0.8588235294117647,4.590588235294117,5.9411764705882355,9329.411764705883,inf,4
22.11764705882353,0.9207843137254903,461176.4705882353,1.2317647058823529,0.5588235294117647,1.020078431372549,4.352941176470589,4458.823529411765,[72.55623441],4
17.019607843137255,0.9035294117647059,245882.35294117648,3.6023529411764708,0.7388235294117647,3.298627450980392,3.223529411764706,5870.588235294118,[5.0155907],4
22.666666666666668,2.2407843137254906,155882.35294117648,0.40588235294117647,0.23058823529411768,4.144274509803921,4.729411764705882,1423.5294117647059,[12.63655858],4
9.176470588235293,1.4384313725490196,364117.64705882355,3.648235294117647,0.4211764705882354,3.744941176470588,4.776470588235294,1105.8823529411766,[2.90176487],4
14.431372549019608,2.723921568627451,182352.9411764706,3.1588235294117646,0.6011764705882353,4.003333333333334,3.764705882352941,4635.2941176470595,[4.11019553],4
14.745098039215685,2.1286274509803924,395882.35294117645,3.2505882352941176,0.8588235294117647,4.5670980392156855,5.811764705882353,4917.64705882353,[2.25521706],4
16.941176470588236,2.7756862745098045,448823.5294117647,2.3329411764705883,0.64,5.412745098039216,5.270588235294118,4600.0,[4.56346562],4
18.588235294117645,2.9654901960784317,207058.82352941178,1.7670588235294118,0.4423529411764706,4.895960784313726,4.364705882352942,6188.235294117647,[3.57629994],4
12.549019607843137,2.723921568627451,69411.76470588235,0.5435294117647058,0.4211764705882354,3.3221176470588234,4.4,2623.529411764706,[3.40551867],4
18.980392156862745,3.0,399411.76470588235,2.623529411764706,0.6717647058823529,4.003333333333334,3.011764705882353,3152.9411764705883,[3.36882984],4
17.80392156862745,1.0588235294117647,339411.76470588235,3.2505882352941176,0.8588235294117647,4.5670980392156855,6.0,1247.0588235294117,[3.56922628],4
21.176470588235293,2.9913725490196086,94117.64705882352,1.7670588235294118,0.45999999999999996,5.506705882352941,5.247058823529412,2129.4117647058824,[3.32043135],4
23.764705882352942,2.818823529411765,438235.29411764705,1.9811764705882353,0.5447058823529412,3.909372549019608,5.270588235294118,4317.64705882353,[3.3263282],4
7.137254901960784,0.8949019607843138,346470.5882352941,3.418823529411765,0.4,5.600666666666667,4.8,1458.8235294117646,[2.1936922],4
17.647058823529413,2.4133333333333336,228235.29411764705,1.8282352941176472,0.2588235294117647,2.617411764705882,5.729411764705882,6188.235294117647,[5.95167253],4
8.705882352941178,1.2658823529411767,132941.17647058825,3.143529411764706,0.38941176470588235,5.64764705882353,4.729411764705882,1635.2941176470588,[2.35049754],4
17.019607843137255,1.3607843137254902,72941.17647058824,1.1400000000000001,0.2411764705882353,5.083882352941177,4.3882352941176475,1247.0588235294117,[4.29756066],4
16.941176470588236,2.9913725490196086,171764.70588235295,1.9811764705882353,0.8305882352941176,5.412745098039216,5.270588235294118,4600.0,[3.77408843],4
14.588235294117647,2.75843137254902,440000.0,1.9811764705882353,0.5447058823529412,4.097294117647059,4.8,3152.9411764705883,[4.62239973],4
19.607843137254903,1.0674509803921568,395882.35294117645,3.2505882352941176,0.8588235294117647,4.872470588235294,4.682352941176471,4282.35294117647,[2.70701037],4
10.980392156862745,2.1286274509803924,418823.5294117647,3.831764705882353,0.9294117647058824,5.060392156862745,3.764705882352941,2058.823529411765,inf,4
18.745098039215684,1.0415686274509806,461176.4705882353,1.2776470588235296,0.6717647058823529,4.473137254901961,4.352941176470589,3152.9411764705883,[7.09659293],4
20.941176470588236,2.4219607843137254,399411.76470588235,2.5776470588235294,0.5588235294117647,1.020078431372549,4.341176470588235,9329.411764705883,inf,4
16.313725490196077,1.1882352941176473,106470.58823529413,2.1647058823529415,0.4952941176470588,5.083882352941177,4.3882352941176475,2694.1176470588234,[3.79173402],4
18.745098039215684,1.2658823529411767,115294.11764705883,3.067058823529412,0.4,4.7080392156862745,3.364705882352941,3011.764705882353,[3.68684771],4
7.137254901960784,1.170980392156863,346470.5882352941,3.4035294117647057,0.39294117647058824,5.600666666666667,4.8,1458.8235294117646,[2.25757732],4
18.588235294117645,1.4211764705882355,62352.94117647059,3.7858823529411763,0.39647058823529413,2.359019607843137,5.905882352941177,4423.529411764706,[4.17939647],4
18.588235294117645,1.4815686274509805,342941.17647058825,2.547058823529412,0.4211764705882354,3.744941176470588,5.270588235294118,3576.470588235294,[4.46540987],4
16.15686274509804,1.3607843137254902,138235.29411764705,3.648235294117647,0.34,5.906039215686274,4.694117647058824,1247.0588235294117,[3.6669362],4
14.745098039215685,2.1286274509803924,395882.35294117645,3.5564705882352943,0.7741176470588236,3.744941176470588,3.2941176470588234,1317.6470588235293,[3.37313273],4
10.666666666666668,2.723921568627451,74705.88235294117,1.2623529411764707,0.4070588235294118,4.5670980392156855,5.811764705882353,4917.64705882353,[4.79131051],4
16.313725490196077,1.1882352941176473,106470.58823529413,2.088235294117647,0.4,4.7080392156862745,3.364705882352941,3011.764705882353,[4.28388342],4
18.588235294117645,1.4729411764705884,99411.76470588235,0.7576470588235293,0.9047058823529412,4.590588235294117,3.7411764705882353,3576.470588235294,[4.04010699],4
20.862745098039216,1.6109803921568628,166470.5882352941,3.4647058823529413,0.6752941176470588,4.191254901960784,4.270588235294118,1917.6470588235293,[2.99345871],4
11.372549019607842,2.68078431372549,230000.0,0.9105882352941176,0.5094117647058823,5.177843137254902,4.376470588235295,1105.8823529411766,[4.19757203],4
6.03921568627451,2.327058823529412,328823.5294117647,3.2505882352941176,0.8588235294117647,4.5670980392156855,5.788235294117647,2517.6470588235297,inf,4
14.823529411764707,2.068235294117647,173529.4117647059,1.7670588235294118,0.8341176470588235,3.157686274509804,4.305882352941176,4917.64705882353,[5.36470836],4
19.372549019607845,1.1192156862745097,448823.5294117647,2.3329411764705883,0.64,5.506705882352941,5.2,3011.764705882353,[4.42599778],4
18.666666666666664,1.4039215686274509,90588.23529411765,0.6047058823529411,0.4388235294117647,1.7482745098039216,4.447058823529412,6223.529411764706,[31.28948837],4
8.235294117647058,1.1364705882352943,155882.35294117648,2.7305882352941175,0.4105882352941177,3.9328627450980393,6.0,1247.0588235294117,[2.49082217],4
12.470588235294118,2.7411764705882353,71176.4705882353,0.17647058823529413,0.52,4.44964705882353,4.423529411764706,2623.529411764706,[10.35047197],4
12.549019607843137,2.723921568627451,466470.5882352941,0.43647058823529417,0.6611764705882353,4.5670980392156855,4.4,2623.529411764706,[8.99759357],4
12.313725490196079,2.2407843137254906,69411.76470588235,0.5435294117647058,0.4211764705882354,3.3221176470588234,5.952941176470588,4600.0,[5.58274863],4
7.294117647058823,1.4729411764705884,99411.76470588235,0.7576470588235293,0.9047058823529412,4.590588235294117,3.7176470588235295,1458.8235294117646,[5.28692497],4
18.588235294117645,2.4133333333333336,346470.5882352941,3.418823529411765,0.4,5.600666666666667,4.823529411764706,3576.470588235294,[3.61546182],4
23.92156862745098,2.3615686274509806,480588.23529411765,2.348235294117647,0.4423529411764706,4.895960784313726,4.376470588235295,4317.64705882353,[3.64673257],4
12.235294117647058,2.154509803921569,252941.17647058822,3.1588235294117646,0.7141176470588235,3.5805098039215686,5.141176470588235,2623.529411764706,[2.15016079],4
20.235294117647058,2.723921568627451,397647.0588235294,1.9811764705882353,0.5447058823529412,5.600666666666667,3.388235294117647,4600.0,[3.69981455],4
15.137254901960784,2.378823529411765,408235.29411764705,0.2529411764705882,0.7247058823529412,4.426156862745098,4.329411764705882,3258.823529411765,[35.11789941],4
8.07843137254902,2.9396078431372548,81764.70588235294,0.13058823529411764,0.6505882352941177,3.9328627450980393,5.435294117647059,1529.4117647058824,[4.96922756],4
9.411764705882353,2.7756862745098045,157647.0588235294,3.6023529411764708,0.5094117647058823,4.731529411764706,5.870588235294118,5517.64705882353,[8.059319],4
12.549019607843137,1.619607843137255,69411.76470588235,2.868235294117647,0.4211764705882354,3.3221176470588234,4.4,2623.529411764706,[3.92179125],4
10.666666666666668,2.723921568627451,401176.4705882353,0.49764705882352933,0.2588235294117647,1.959686274509804,3.9294117647058826,1105.8823529411766,[9.63292193],4
15.137254901960784,2.0941176470588236,60588.23529411765,2.531764705882353,0.6258823529411764,3.627490196078431,5.858823529411765,8517.64705882353,[8.01458888],4
12.941176470588236,0.9207843137254903,201764.70588235295,1.1552941176470588,0.9964705882352941,4.097294117647059,4.2823529411764705,2517.6470588235297,[4.90659304],4
20.15686274509804,2.3184313725490195,87058.82352941176,2.5776470588235294,0.6505882352941177,4.872470588235294,5.270588235294118,2058.823529411765,inf,4
9.411764705882353,2.7756862745098045,157647.0588235294,3.892941176470588,0.5164705882352941,5.48321568627451,5.870588235294118,5517.64705882353,[5.21729695],4
8.705882352941178,1.2658823529411767,99411.76470588235,1.7364705882352942,0.38235294117647056,5.083882352941177,5.905882352941177,5023.529411764706,[26.09750122],5
20.15686274509804,2.3529411764705888,228235.29411764705,3.143529411764706,0.45999999999999996,5.624156862745099,3.5058823529411764,2058.823529411765,[3.3739928],5
10.666666666666668,2.723921568627451,102941.17647058824,1.7670588235294118,0.4388235294117647,4.895960784313726,3.364705882352941,1105.8823529411766,[3.79098053],5
17.80392156862745,1.0588235294117647,339411.76470588235,3.2505882352941176,0.851764705882353,4.872470588235294,4.729411764705882,1458.8235294117646,[3.24669298],5
20.15686274509804,2.3529411764705888,212352.9411764706,1.2929411764705883,0.8588235294117647,4.684549019607843,4.682352941176471,4317.64705882353,[3.39310174],5
10.666666666666668,2.1286274509803924,395882.35294117645,3.2505882352941176,0.8588235294117647,4.872470588235294,4.682352941176471,3929.4117647058824,[1.75240395],5
10.666666666666668,2.1286274509803924,395882.35294117645,3.2505882352941176,0.8588235294117647,4.872470588235294,4.682352941176471,3929.4117647058824,[1.75240395],5
20.627450980392158,1.1192156862745097,448823.5294117647,2.3329411764705883,0.6611764705882353,5.506705882352941,5.011764705882353,3011.764705882353,[3.89724018],5
18.588235294117645,2.9654901960784317,207058.82352941178,1.1552941176470588,0.4988235294117648,4.895960784313726,4.364705882352942,6188.235294117647,[3.71575569],5
17.019607843137255,1.3607843137254902,72941.17647058824,0.788235294117647,0.4529411764705883,5.64764705882353,4.729411764705882,1247.0588235294117,[4.08651346],5
8.549019607843137,1.4729411764705884,140000.0,3.204705882352941,0.38235294117647056,5.083882352941177,4.3882352941176475,1635.2941176470588,[2.36271854],5
19.607843137254903,1.0674509803921568,395882.35294117645,3.2505882352941176,0.8588235294117647,4.872470588235294,4.682352941176471,4282.35294117647,[2.70701037],5
20.15686274509804,2.3529411764705888,173529.4117647059,2.5623529411764707,0.6047058823529412,5.600666666666667,5.270588235294118,4600.0,inf,5
4.549019607843137,2.7498039215686276,166470.5882352941,3.4647058823529413,0.23411764705882354,5.2483137254901955,5.258823529411765,4564.7058823529405,[607.43909987],5
23.92156862745098,2.3615686274509806,480588.23529411765,2.348235294117647,0.4423529411764706,4.895960784313726,4.376470588235295,4317.64705882353,[3.64673257],5
17.80392156862745,1.0588235294117647,339411.76470588235,3.2658823529411762,0.8941176470588235,3.8154117647058823,6.0,3505.8823529411766,[1.99729304],5
12.784313725490197,0.9207843137254903,201764.70588235295,1.4000000000000001,0.9964705882352941,4.097294117647059,4.2823529411764705,2517.6470588235297,[3.26948508],5
14.27450980392157,1.8180392156862746,129411.76470588235,3.632941176470588,0.39647058823529413,4.872470588235294,4.729411764705882,1423.5294117647059,[3.17659994],5
16.15686274509804,1.3607843137254902,138235.29411764705,3.648235294117647,0.4211764705882354,3.744941176470588,4.694117647058824,1247.0588235294117,[3.46543344],5
18.588235294117645,1.1019607843137256,314705.8823529412,1.507058823529412,0.5941176470588235,4.825490196078431,4.776470588235294,1247.0588235294117,[4.05724379],5
8.07843137254902,2.7411764705882353,71176.4705882353,0.17647058823529413,0.5094117647058823,4.12078431372549,6.0,1247.0588235294117,[4.00281862],5
16.235294117647058,2.508235294117647,72941.17647058824,1.1400000000000001,0.24823529411764708,3.674470588235294,4.6,4247.058823529412,[4.28377712],5
23.764705882352942,1.2658823529411767,115294.11764705883,3.067058823529412,0.4,4.7080392156862745,3.388235294117647,4600.0,[3.83981806],5
15.137254901960784,2.378823529411765,397647.0588235294,1.4917647058823529,0.4882352941176471,5.412745098039216,3.364705882352941,3011.764705882353,[4.65240508],5
21.49019607843137,2.5254901960784317,404705.8823529412,0.88,0.8447058823529412,2.6878823529411764,5.247058823529412,2976.470588235294,[3.54649226],5
16.07843137254902,1.2572549019607844,448823.5294117647,2.3329411764705883,0.6470588235294118,5.506705882352941,3.317647058823529,3011.764705882353,[7.48975592],5
15.137254901960784,2.3529411764705888,166470.5882352941,3.4647058823529413,0.23411764705882354,5.083882352941177,4.3882352941176475,4600.0,[4.09881854],5
21.333333333333332,1.1882352941176473,106470.58823529413,2.088235294117647,0.4,4.7080392156862745,3.364705882352941,3011.764705882353,[3.75917905],5
16.941176470588236,2.9913725490196086,173529.4117647059,0.9105882352941176,0.8447058823529412,5.412745098039216,5.270588235294118,4600.0,[3.36992403],5
23.92156862745098,2.68078431372549,228235.29411764705,1.9811764705882353,0.8305882352941176,2.6878823529411764,5.247058823529412,1423.5294117647059,inf,5
21.88235294117647,1.4815686274509805,468235.29411764705,3.4494117647058826,0.548235294117647,5.083882352941177,3.6941176470588237,4458.823529411765,[4.15455525],5
23.686274509803923,0.9207843137254903,90588.23529411765,2.8529411764705883,0.8552941176470588,3.909372549019608,5.270588235294118,4600.0,inf,5
15.137254901960784,1.2658823529411767,131176.4705882353,3.3423529411764705,0.8588235294117647,5.9295294117647055,4.423529411764706,3258.823529411765,inf,5
22.11764705882353,0.9207843137254903,101176.4705882353,3.5564705882352943,0.7529411764705882,3.0872156862745097,5.952941176470588,4458.823529411765,[2.65757068],5
16.313725490196077,1.1882352941176473,106470.58823529413,2.3941176470588235,0.8870588235294118,4.7550196078431375,5.952941176470588,5270.588235294118,[3.86038296],5
11.215686274509803,1.8266666666666667,57058.82352941176,0.13058823529411764,0.4,4.7080392156862745,3.364705882352941,2623.529411764706,[1244.85297628],5
18.03921568627451,2.68078431372549,457647.0588235294,3.7705882352941176,0.39647058823529413,3.909372549019608,5.905882352941177,3152.9411764705883,[3.89703368],5
20.15686274509804,2.3615686274509806,464705.8823529412,1.0941176470588236,0.7458823529411766,5.177843137254902,3.764705882352941,4600.0,[4.54046325],5
14.27450980392157,1.8007843137254904,212352.9411764706,1.7364705882352942,0.45999999999999996,5.624156862745099,4.729411764705882,1423.5294117647059,[3.91442263],5
20.15686274509804,2.3701960784313725,132941.17647058825,3.143529411764706,0.39647058823529413,4.872470588235294,3.5058823529411764,2058.823529411765,[3.38867733],5
18.588235294117645,1.4815686274509805,339411.76470588235,3.2505882352941176,0.8588235294117647,4.872470588235294,4.682352941176471,3576.470588235294,[2.09426111],5
18.588235294117645,1.4815686274509805,339411.76470588235,3.2505882352941176,0.8588235294117647,4.872470588235294,4.682352941176471,3576.470588235294,[2.09426111],5
20.941176470588236,1.3349019607843138,339411.76470588235,3.2658823529411762,0.6470588235294118,3.2516470588235293,3.317647058823529,3011.764705882353,inf,5
17.80392156862745,0.8431372549019608,448823.5294117647,2.3329411764705883,0.8941176470588235,3.8154117647058823,6.0,3505.8823529411766,[3.79399536],5
14.27450980392157,1.8094117647058825,448823.5294117647,2.3329411764705883,0.6223529411764707,4.872470588235294,4.729411764705882,1423.5294117647059,[3.26652492],5
21.098039215686274,1.2658823529411767,132941.17647058825,3.143529411764706,0.4211764705882354,5.506705882352941,3.317647058823529,2976.470588235294,[3.45338443],5
14.823529411764707,2.0509803921568626,327058.82352941175,1.8435294117647059,0.8729411764705882,4.379176470588235,5.811764705882353,4917.64705882353,[7.14282518],5
16.941176470588236,2.75843137254902,434705.8823529412,3.2505882352941176,0.9964705882352941,3.909372549019608,5.270588235294118,4600.0,[1.86755009],5
12.549019607843137,2.723921568627451,466470.5882352941,0.40588235294117647,0.23058823529411768,4.144274509803921,5.152941176470588,2623.529411764706,[1055.44869165],5
22.666666666666668,2.2407843137254906,155882.35294117648,0.43647058823529417,0.6611764705882353,4.5670980392156855,3.976470588235294,1423.5294117647059,[4.27721707],5
16.862745098039216,1.3176470588235296,173529.4117647059,1.7670588235294118,0.64,5.506705882352941,5.1764705882352935,4600.0,[5.16540163],5
20.235294117647058,2.723921568627451,397647.0588235294,1.9811764705882353,0.5447058823529412,5.600666666666667,3.388235294117647,4600.0,[3.69981455],5
18.588235294117645,1.0070588235294118,461176.4705882353,1.2776470588235296,0.7388235294117647,5.600666666666667,5.576470588235294,3576.470588235294,[5.3879564],5
18.745098039215684,2.4133333333333336,346470.5882352941,3.418823529411765,0.33294117647058824,4.473137254901961,4.352941176470589,3152.9411764705883,[3.56570494],5
8.549019607843137,1.1019607843137256,314705.8823529412,1.507058823529412,0.5941176470588235,4.825490196078431,4.776470588235294,1211.764705882353,[4.27471524],5
18.745098039215684,1.2658823529411767,115294.11764705883,3.143529411764706,0.38235294117647056,5.083882352941177,5.905882352941177,5058.823529411765,[4.77988224],5
10.666666666666668,2.723921568627451,102941.17647058824,0.88,0.8447058823529412,2.6878823529411764,5.141176470588235,3364.705882352941,[5.45691123],5
21.254901960784313,2.810196078431373,217647.0588235294,0.7576470588235293,0.9047058823529412,5.906039215686274,3.5294117647058822,2411.764705882353,[3.29946668],5
18.980392156862745,3.0,399411.76470588235,2.5776470588235294,0.4,4.7080392156862745,3.011764705882353,3152.9411764705883,[3.46243944],5
18.745098039215684,1.2658823529411767,115294.11764705883,3.112941176470588,0.6717647058823529,4.003333333333334,3.364705882352941,3011.764705882353,[2.49289096],5
10.980392156862745,2.1631372549019607,205294.11764705883,1.7976470588235294,0.908235294117647,4.144274509803921,4.882352941176471,4282.35294117647,[4.31401651],5
18.431372549019606,1.4815686274509805,468235.29411764705,3.2964705882352945,0.491764705882353,4.5670980392156855,5.811764705882353,8023.529411764706,[9.12398081],5
22.58823529411765,2.7152941176470593,166470.5882352941,3.4647058823529413,0.5094117647058823,5.177843137254902,4.352941176470589,1423.5294117647059,inf,5
8.705882352941178,1.0674509803921568,71176.4705882353,1.1094117647058823,0.6505882352941177,4.872470588235294,4.741176470588235,1635.2941176470588,[5.21635131],5
20.15686274509804,2.3529411764705888,215882.35294117648,3.6941176470588237,0.8447058823529412,2.9697647058823526,4.823529411764706,2058.823529411765,[2.88629275],5
14.588235294117647,3.0,60588.23529411765,1.6294117647058823,0.4211764705882354,3.744941176470588,4.752941176470588,3152.9411764705883,[3.26705333],5
14.823529411764707,2.0509803921568626,325294.1176470588,1.7364705882352942,0.29411764705882354,4.5670980392156855,5.811764705882353,4917.64705882353,[8.78994639],5
20.15686274509804,2.3529411764705888,215882.35294117648,3.2505882352941176,0.8376470588235294,4.12078431372549,5.270588235294118,2058.823529411765,[2.92605784],5
18.588235294117645,1.4815686274509805,339411.76470588235,3.2505882352941176,0.8588235294117647,3.744941176470588,4.682352941176471,3576.470588235294,[2.06554222],5
14.745098039215685,2.1286274509803924,395882.35294117645,3.2505882352941176,0.8588235294117647,4.5670980392156855,5.811764705882353,4917.64705882353,[2.25521706],5
23.92156862745098,2.68078431372549,397647.0588235294,1.9811764705882353,0.9011764705882354,2.6878823529411764,5.247058823529412,1423.5294117647059,inf,5
22.352941176470587,2.1286274509803924,230000.0,0.9105882352941176,0.8376470588235294,3.674470588235294,4.670588235294118,1000.0,[4.99505953],5
18.431372549019606,1.4815686274509805,468235.29411764705,3.724705882352941,0.908235294117647,4.144274509803921,4.882352941176471,3505.8823529411766,[2.0569035],5
21.49019607843137,2.171764705882353,399411.76470588235,1.3694117647058823,0.9964705882352941,4.050313725490196,4.482352941176471,5164.705882352941,[3.86479325],5
10.666666666666668,2.1286274509803924,395882.35294117645,3.2505882352941176,0.8588235294117647,4.5670980392156855,6.0,1670.5882352941176,[2.61338082],5
17.80392156862745,1.0588235294117647,339411.76470588235,3.2505882352941176,0.8588235294117647,3.345607843137255,4.682352941176471,3505.8823529411766,[2.18863781],5
4.549019607843137,2.7498039215686276,173529.4117647059,2.914117647058824,0.15294117647058825,5.2483137254901955,5.258823529411765,4564.7058823529405,[132.37459416],5
7.137254901960784,1.170980392156863,346470.5882352941,3.051764705882353,0.8447058823529412,5.600666666666667,4.8,1458.8235294117646,inf,5
18.588235294117645,2.8792156862745104,94117.64705882352,1.7670588235294118,0.4423529411764706,4.895960784313726,4.329411764705882,5058.823529411765,[3.19878149],5
20.15686274509804,2.3529411764705888,207058.82352941178,1.507058823529412,0.23411764705882354,3.345607843137255,5.305882352941176,5729.411764705882,[7.84562925],5
17.80392156862745,1.0588235294117647,339411.76470588235,3.2658823529411762,0.8941176470588235,3.8154117647058823,5.91764705882353,5200.0,[2.73989954],5
21.49019607843137,1.5764705882352943,120588.23529411765,3.418823529411765,0.34352941176470586,3.674470588235294,4.870588235294118,3470.5882352941176,[3.4055762],5
16.15686274509804,1.3607843137254902,138235.29411764705,3.648235294117647,0.6752941176470588,4.191254901960784,4.223529411764706,1247.0588235294117,[3.47665488],5
10.117647058823529,2.2407843137254906,155882.35294117648,0.42117647058823526,0.34,5.906039215686274,4.752941176470588,1105.8823529411766,[4.21875903],5
8.705882352941178,1.2658823529411767,76470.58823529413,3.143529411764706,0.38941176470588235,5.64764705882353,4.729411764705882,1635.2941176470588,[2.33716236],5
20.235294117647058,2.3529411764705888,222941.17647058822,3.4647058823529413,0.23411764705882354,5.083882352941177,4.3882352941176475,2341.176470588235,[3.37861628],5
18.745098039215684,1.2658823529411767,115294.11764705883,3.0976470588235294,0.7141176470588235,3.5805098039215686,4.764705882352941,3576.470588235294,[2.53093951],5
18.588235294117645,1.1019607843137256,314705.8823529412,1.507058823529412,0.5941176470588235,4.825490196078431,5.152941176470588,1247.0588235294117,[4.0436006],5
8.705882352941178,1.2658823529411767,120588.23529411765,3.418823529411765,0.4,5.600666666666667,4.8,1458.8235294117646,[2.46141458],5
4.627450980392156,2.4133333333333336,341176.4705882353,3.143529411764706,0.38235294117647056,5.083882352941177,4.2823529411764705,2517.6470588235297,[7.08255493],5
14.352941176470589,2.102745098039216,159411.76470588235,0.20705882352941177,0.4423529411764706,3.9563529411764704,3.1058823529411765,3258.823529411765,[298.09086466],5
14.27450980392157,1.8180392156862746,132941.17647058825,3.938823529411765,0.8588235294117647,4.5670980392156855,4.4,1211.764705882353,inf,5
18.588235294117645,2.896470588235294,404705.8823529412,1.7670588235294118,0.4423529411764706,4.895960784313726,4.364705882352942,6188.235294117647,[4.52473123],5
6.666666666666666,2.335686274509804,145294.11764705883,2.9447058823529413,0.14941176470588236,4.5670980392156855,5.576470588235294,8376.470588235294,[36.51812261],5
4.549019607843137,2.9913725490196086,171764.70588235295,1.9811764705882353,0.8305882352941176,5.083882352941177,4.2823529411764705,2305.8823529411766,[1.81992493],5
6.196078431372549,1.2658823529411767,115294.11764705883,3.143529411764706,0.38235294117647056,5.2483137254901955,5.258823529411765,4776.470588235294,[174.40590364],5
16.15686274509804,1.3607843137254902,138235.29411764705,3.648235294117647,0.34,5.506705882352941,3.7529411764705882,1247.0588235294117,[3.67064931],5
14.431372549019608,2.723921568627451,182352.9411764706,3.1588235294117646,0.6011764705882353,4.402666666666667,4.705882352941177,4635.2941176470595,[4.20004623],5
14.745098039215685,2.1286274509803924,395882.35294117645,3.5564705882352943,0.7741176470588236,3.744941176470588,3.2941176470588234,1317.6470588235293,[3.37313273],5
9.725490196078432,2.818823529411765,191176.4705882353,0.9105882352941176,0.6188235294117648,2.6878823529411764,5.2,9329.411764705883,[10.88229039],5
22.58823529411765,1.619607843137255,69411.76470588235,2.868235294117647,0.4211764705882354,3.3221176470588234,4.4,3576.470588235294,[3.26975525],5
8.549019607843137,1.4815686274509805,339411.76470588235,3.2505882352941176,0.8588235294117647,4.872470588235294,4.682352941176471,2623.529411764706,[1.95591908],5
8.705882352941178,1.0588235294117647,166470.5882352941,3.4647058823529413,0.5447058823529412,5.600666666666667,3.388235294117647,1635.2941176470588,[2.30312096],5
20.15686274509804,2.3615686274509806,87058.82352941176,1.9811764705882353,0.5094117647058823,5.177843137254902,4.364705882352942,4600.0,[3.25216368],5
18.431372549019606,1.4815686274509805,448823.5294117647,3.327058823529412,0.908235294117647,4.144274509803921,4.882352941176471,3505.8823529411766,[2.0712315],5
7.921568627450981,2.1286274509803924,185882.35294117648,3.4647058823529413,0.4423529411764706,3.181176470588235,6.0,1247.0588235294117,[2.64944152],5
8.549019607843137,0.9984313725490197,140000.0,3.204705882352941,0.38235294117647056,5.083882352941177,4.3882352941176475,1635.2941176470588,[2.33521263],5
20.941176470588236,2.577254901960784,268823.5294117647,1.0635294117647058,0.4529411764705883,3.909372549019608,5.341176470588236,1423.5294117647059,[4.02043898],5
16.941176470588236,2.7756862745098045,448823.5294117647,2.3329411764705883,0.608235294117647,5.130862745098039,5.270588235294118,4600.0,[4.5349039],5
6.196078431372549,1.2658823529411767,115294.11764705883,3.143529411764706,0.4141176470588236,5.365764705882353,4.2823529411764705,2517.6470588235297,[1.74689964],5
14.823529411764707,2.0768627450980395,215882.35294117648,3.7399999999999998,0.8588235294117647,4.5670980392156855,5.811764705882353,4917.64705882353,inf,5
20.15686274509804,2.327058823529412,328823.5294117647,3.1588235294117646,0.4211764705882354,3.744941176470588,4.776470588235294,2058.823529411765,[3.46628616],5
19.372549019607845,1.343529411764706,166470.5882352941,3.724705882352941,0.4423529411764706,5.506705882352941,5.2,3011.764705882353,[3.35932802],5
10.666666666666668,2.4996078431372553,448823.5294117647,2.3329411764705883,0.64,5.694627450980392,5.247058823529412,1105.8823529411766,[3.4423699],5
18.901960784313726,2.378823529411765,397647.0588235294,1.1858823529411764,0.4952941176470588,4.895960784313726,4.376470588235295,2694.1176470588234,[3.85630704],5
20.0,1.2658823529411767,115294.11764705883,3.938823529411765,0.5447058823529412,5.412745098039216,3.388235294117647,4600.0,[3.61650945],5
20.941176470588236,2.102745098039216,268823.5294117647,1.0635294117647058,0.4529411764705883,3.909372549019608,5.294117647058823,1423.5294117647059,[4.06032227],5
10.666666666666668,2.723921568627451,60588.23529411765,1.5988235294117648,0.64,4.426156862745098,4.023529411764706,3082.3529411764707,[4.58627427],5
12.549019607843137,1.619607843137255,118823.5294117647,1.0023529411764707,0.8305882352941176,5.765098039215686,4.4,2623.529411764706,[4.67945565],5
12.549019607843137,2.723921568627451,69411.76470588235,2.378823529411765,0.4211764705882354,3.3221176470588234,4.4,2623.529411764706,[3.87081548],5
16.07843137254902,1.1019607843137256,312941.17647058825,1.1400000000000001,0.24823529411764708,3.674470588235294,4.6,4247.058823529412,[106.72092526],5
18.745098039215684,2.508235294117647,74705.88235294117,1.507058823529412,0.5941176470588235,4.825490196078431,4.776470588235294,1247.0588235294117,[4.12373521],5
14.588235294117647,2.844705882352941,440000.0,1.9811764705882353,0.5447058823529412,4.097294117647059,4.8,3152.9411764705883,[4.56306865],5
16.313725490196077,1.1019607843137256,106470.58823529413,3.2505882352941176,0.8588235294117647,4.7080392156862745,3.364705882352941,3011.764705882353,[2.11362506],5
14.27450980392157,1.8180392156862746,132941.17647058825,3.755294117647059,0.4070588235294118,4.5670980392156855,4.4,1211.764705882353,[3.47771048],5
12.156862745098039,2.75843137254902,207058.82352941178,1.1552941176470588,0.4423529411764706,5.718117647058824,4.4,2482.3529411764703,[3.80610962],5
14.823529411764707,2.0509803921568626,328823.5294117647,3.2505882352941176,0.8588235294117647,4.5670980392156855,5.811764705882353,4917.64705882353,[1.99014834],5
16.15686274509804,1.3607843137254902,138235.29411764705,3.648235294117647,0.34,5.906039215686274,4.694117647058824,1247.0588235294117,[3.6669362],5
23.607843137254903,2.9654901960784317,207058.82352941178,1.7670588235294118,0.4423529411764706,5.083882352941177,4.3882352941176475,4317.64705882353,[3.06096214],5
20.627450980392158,2.102745098039216,159411.76470588235,0.9870588235294117,0.6329411764705882,4.7080392156862745,3.1411764705882352,9682.35294117647,[10.22489269],5
17.019607843137255,1.0243137254901962,410000.0,0.43647058823529417,0.6576470588235295,5.624156862745099,3.552941176470588,3152.9411764705883,[33.64129823],5
14.745098039215685,2.4650980392156865,72941.17647058824,1.1400000000000001,0.2411764705882353,5.083882352941177,4.3882352941176475,1247.0588235294117,[3.85549519],5
12.313725490196079,2.0509803921568626,171764.70588235295,1.9811764705882353,0.8305882352941176,5.2483137254901955,4.905882352941177,3752.9411764705883,[3.18173723],5
21.098039215686274,1.2572549019607844,448823.5294117647,2.3329411764705883,0.6470588235294118,5.506705882352941,3.317647058823529,2976.470588235294,[3.85274052],5
22.11764705882353,0.9207843137254903,203529.41176470587,3.2505882352941176,0.8870588235294118,5.2483137254901955,4.682352941176471,3541.176470588235,[2.14897633],5
18.588235294117645,1.4815686274509805,339411.76470588235,2.8529411764705883,0.8588235294117647,4.590588235294117,5.952941176470588,4494.117647058823,[3.29903579],5
21.88235294117647,2.508235294117647,72941.17647058824,1.1400000000000001,0.24823529411764708,3.674470588235294,4.635294117647058,4458.823529411765,[5.808474],5
16.470588235294116,0.9207843137254903,90588.23529411765,2.8529411764705883,0.8588235294117647,4.590588235294117,5.91764705882353,4247.058823529412,[1.84760484],5
15.137254901960784,1.1364705882352943,157647.0588235294,1.9811764705882353,0.8305882352941176,5.177843137254902,5.270588235294118,2058.823529411765,[2.52553678],5
4.549019607843137,2.9913725490196086,170000.0,2.7305882352941175,0.4211764705882354,4.214745098039216,5.258823529411765,4564.7058823529405,[50.62047478],5
23.607843137254903,2.75843137254902,440000.0,1.9811764705882353,0.5447058823529412,4.144274509803921,4.376470588235295,4317.64705882353,[3.36628169],5
19.372549019607845,1.1192156862745097,448823.5294117647,2.3329411764705883,0.64,5.506705882352941,5.2,3011.764705882353,[4.42599778],5
17.019607843137255,1.3607843137254902,72941.17647058824,1.1400000000000001,0.24823529411764708,5.671137254901961,4.682352941176471,1247.0588235294117,[4.2663472],5
18.745098039215684,1.3176470588235296,399411.76470588235,2.623529411764706,0.6717647058823529,1.4663921568627452,4.352941176470589,3152.9411764705883,inf,5
18.745098039215684,1.3176470588235296,399411.76470588235,2.623529411764706,0.6717647058823529,3.345607843137255,5.270588235294118,3152.9411764705883,[3.88590642],5
8.705882352941178,1.2658823529411767,132941.17647058825,3.143529411764706,0.38235294117647056,4.473137254901961,4.352941176470589,1635.2941176470588,[2.33710982],5
13.098039215686274,2.9396078431372548,81764.70588235294,0.17647058823529413,0.4423529411764706,5.694627450980392,5.247058823529412,1529.4117647058824,[7.23653233],5
10.980392156862745,2.723921568627451,207058.82352941178,1.7670588235294118,0.5094117647058823,3.9328627450980393,5.435294117647059,1458.8235294117646,[3.94513816],5
14.745098039215685,2.1286274509803924,438235.29411764705,3.2505882352941176,0.8588235294117647,4.5670980392156855,5.811764705882353,4917.64705882353,[2.49955823],5
10.666666666666668,2.723921568627451,60588.23529411765,1.7670588235294118,0.4423529411764706,4.895960784313726,3.364705882352941,1105.8823529411766,[3.64529497],5
23.607843137254903,2.9654901960784317,207058.82352941178,1.7670588235294118,0.4423529411764706,5.718117647058824,4.4,2482.3529411764703,[3.24275482],5
12.156862745098039,2.75843137254902,207058.82352941178,1.7670588235294118,0.4423529411764706,5.083882352941177,4.3882352941176475,4317.64705882353,[5.09057703],5
10.666666666666668,2.723921568627451,60588.23529411765,1.5988235294117648,0.64,4.426156862745098,3.976470588235294,3082.3529411764707,[4.55493061],5
18.03921568627451,2.68078431372549,462941.17647058825,1.6905882352941175,0.46705882352941175,4.191254901960784,4.2823529411764705,3152.9411764705883,[3.84007748],5
15.137254901960784,1.2658823529411767,129411.76470588235,3.5564705882352943,0.608235294117647,5.177843137254902,4.423529411764706,3258.823529411765,[2.21796685],5
8.705882352941178,1.2658823529411767,380000.0,4.0,0.5411764705882353,4.355686274509804,4.3882352941176475,1635.2941176470588,[2.29988782],5
20.15686274509804,2.378823529411765,397647.0588235294,1.9811764705882353,0.52,2.593921568627451,3.388235294117647,6117.64705882353,inf,5
20.15686274509804,2.223529411764706,457647.0588235294,3.7705882352941176,0.39647058823529413,3.909372549019608,5.270588235294118,4600.0,[4.09414713],5
12.313725490196079,2.0509803921568626,230000.0,2.547058823529412,0.4211764705882354,3.744941176470588,5.270588235294118,3752.9411764705883,[6.57294243],5
18.588235294117645,1.4815686274509805,284705.8823529412,1.9811764705882353,0.8305882352941176,5.2483137254901955,4.905882352941177,3717.6470588235293,[3.80592598],5
8.705882352941178,1.2658823529411767,132941.17647058825,3.143529411764706,0.38941176470588235,5.64764705882353,5.576470588235294,1564.7058823529412,[2.37650421],5
11.215686274509803,1.8266666666666667,57058.82352941176,0.43647058823529417,0.8870588235294118,4.7550196078431375,5.2,4882.35294117647,[5.52700649],5
12.549019607843137,2.723921568627451,140000.0,3.204705882352941,0.4211764705882354,3.3221176470588234,4.4,2623.529411764706,[3.70306152],5
8.549019607843137,1.4729411764705884,69411.76470588235,0.5435294117647058,0.38235294117647056,5.130862745098039,4.3882352941176475,1635.2941176470588,[5.00490043],5
4.549019607843137,2.9913725490196086,171764.70588235295,1.9811764705882353,0.8305882352941176,5.2483137254901955,5.258823529411765,4564.7058823529405,[1.44384718],5
7.294117647058823,1.4729411764705884,99411.76470588235,0.7576470588235293,0.9047058823529412,4.590588235294117,3.7176470588235295,1458.8235294117646,[5.28692497],5
22.352941176470587,2.0941176470588236,395882.35294117645,3.0976470588235294,0.9117647058823529,5.788588235294117,5.270588235294118,4600.0,inf,5
19.84313725490196,1.3003921568627452,432941.17647058825,1.7670588235294118,0.45999999999999996,5.506705882352941,5.247058823529412,2341.176470588235,[4.19998537],5
18.588235294117645,2.8792156862745104,104705.88235294117,0.7576470588235293,0.9047058823529412,5.83556862745098,4.364705882352942,6188.235294117647,[3.40776598],5
21.254901960784313,2.810196078431373,207058.82352941178,1.7670588235294118,0.4423529411764706,4.96643137254902,3.552941176470588,2411.764705882353,[3.29903761],5
16.705882352941174,2.9654901960784317,166470.5882352941,2.3329411764705883,0.64,5.412745098039216,5.270588235294118,4600.0,[3.88831731],5
18.823529411764707,2.7756862745098045,494705.8823529412,1.4917647058823529,0.5447058823529412,3.063725490196078,4.364705882352942,6188.235294117647,[5.21765901],5
21.176470588235293,2.9913725490196086,94117.64705882352,1.7670588235294118,0.45999999999999996,5.506705882352941,5.164705882352941,3400.0,[2.96427335],5
10.823529411764707,3.0,374705.8823529412,3.724705882352941,0.5094117647058823,3.909372549019608,5.435294117647059,2235.2941176470586,[2.41475616],5
12.549019607843137,2.723921568627451,118823.5294117647,1.0023529411764707,0.8305882352941176,5.083882352941177,3.8941176470588235,1494.1176470588234,[3.68731946],5
18.431372549019606,2.102745098039216,148823.5294117647,1.0023529411764707,0.38235294117647056,5.765098039215686,4.4,2447.0588235294117,[3.66843022],5
14.27450980392157,1.4211764705882355,404705.8823529412,0.20705882352941177,0.39647058823529413,4.872470588235294,4.729411764705882,1423.5294117647059,[896.26545254],5
16.470588235294116,2.922352941176471,132941.17647058825,3.816470588235294,0.8447058823529412,2.6878823529411764,5.247058823529412,3011.764705882353,inf,5
15.058823529411764,2.723921568627451,74705.88235294117,2.547058823529412,0.7141176470588235,4.6610588235294115,5.929411764705883,4635.2941176470595,[3.76193627],5
14.27450980392157,1.8180392156862746,118823.5294117647,1.1858823529411764,0.39647058823529413,4.12078431372549,4.776470588235294,1423.5294117647059,[3.78077013],5
14.431372549019608,2.723921568627451,182352.9411764706,3.1588235294117646,0.6011764705882353,4.003333333333334,3.764705882352941,1529.4117647058824,[3.16607658],5
11.215686274509803,1.8266666666666667,76470.58823529413,1.6600000000000001,0.8870588235294118,5.201333333333333,5.270588235294118,4600.0,[4.87978095],5
15.137254901960784,1.2658823529411767,129411.76470588235,3.4647058823529413,0.23411764705882354,4.426156862745098,4.423529411764706,3258.823529411765,[4.85107604],5
20.15686274509804,2.3529411764705888,166470.5882352941,3.5564705882352943,0.7529411764705882,5.083882352941177,4.3882352941176475,4600.0,inf,5
14.823529411764707,2.0509803921568626,72941.17647058824,2.7611764705882353,0.971764705882353,4.5670980392156855,5.811764705882353,4917.64705882353,inf,5
17.019607843137255,1.395294117647059,316470.5882352941,1.1400000000000001,0.24823529411764708,5.671137254901961,4.682352941176471,1247.0588235294117,[5.75162256],5
14.823529411764707,2.059607843137255,132941.17647058825,3.143529411764706,0.38235294117647056,3.345607843137255,5.435294117647059,4917.64705882353,[5.07317033],5
8.705882352941178,1.2572549019607844,328823.5294117647,3.2505882352941176,0.8588235294117647,4.5670980392156855,5.647058823529411,1635.2941176470588,inf,5
16.235294117647058,2.508235294117647,72941.17647058824,1.1400000000000001,0.24823529411764708,3.674470588235294,4.6,4247.058823529412,[4.28377712],5
19.84313725490196,2.378823529411765,397647.0588235294,1.9811764705882353,0.5447058823529412,3.909372549019608,5.270588235294118,4600.0,[3.93639079],5
18.745098039215684,1.2658823529411767,115294.11764705883,3.067058823529412,0.4,4.7080392156862745,3.364705882352941,2447.0588235294117,[3.52212376],5
16.941176470588236,2.7756862745098045,448823.5294117647,2.3329411764705883,0.64,5.412745098039216,5.270588235294118,5164.705882352941,[4.84428006],5
20.0,2.3615686274509806,85294.11764705883,1.9811764705882353,0.5447058823529412,5.600666666666667,3.388235294117647,3470.5882352941176,[3.16206438],5
17.019607843137255,1.3607843137254902,374705.8823529412,1.0635294117647058,0.8447058823529412,5.64764705882353,4.729411764705882,2376.470588235294,[4.37340172],5
18.745098039215684,1.3176470588235296,399411.76470588235,2.623529411764706,0.6717647058823529,4.473137254901961,4.352941176470589,3152.9411764705883,[3.79685966],5
14.431372549019608,2.723921568627451,182352.9411764706,3.1588235294117646,0.6011764705882353,4.003333333333334,3.764705882352941,4635.2941176470595,[4.11019553],5
7.921568627450981,2.1286274509803924,166470.5882352941,3.4647058823529413,0.4423529411764706,3.181176470588235,6.0,1247.0588235294117,[2.64993146],5
10.666666666666668,2.1286274509803924,395882.35294117645,3.2505882352941176,0.8588235294117647,4.872470588235294,4.682352941176471,3929.4117647058824,[1.75240395],5
21.176470588235293,2.9913725490196086,81764.70588235294,1.1400000000000001,0.24823529411764708,3.9328627450980393,5.435294117647059,2129.4117647058824,[3.61965474],5
8.07843137254902,2.9396078431372548,94117.64705882352,1.7670588235294118,0.45999999999999996,5.506705882352941,5.247058823529412,1529.4117647058824,[3.66188932],5
11.294117647058822,1.2486274509803923,171764.70588235295,1.9811764705882353,0.8305882352941176,5.130862745098039,5.8,4141.176470588235,[4.2467058],5
14.823529411764707,2.0509803921568626,328823.5294117647,3.2505882352941176,0.8588235294117647,4.684549019607843,4.91764705882353,4917.64705882353,[2.20714266],5
20.15686274509804,2.378823529411765,397647.0588235294,1.9811764705882353,0.5447058823529412,5.412745098039216,3.4,4600.0,[3.99804093],5
22.50980392156863,2.7411764705882353,71176.4705882353,0.17647058823529413,0.5094117647058823,4.050313725490196,4.658823529411765,1000.0,[7.6311825],5
12.235294117647058,2.154509803921569,252941.17647058822,3.1588235294117646,0.7141176470588235,3.627490196078431,3.388235294117647,2623.529411764706,[2.15477639],5
20.15686274509804,2.3615686274509806,87058.82352941176,1.9811764705882353,0.5447058823529412,5.553686274509804,5.141176470588235,4600.0,[3.25200052],5
18.588235294117645,1.4729411764705884,99411.76470588235,1.7670588235294118,0.4529411764705883,4.590588235294117,3.364705882352941,3576.470588235294,[3.95880364],5
16.313725490196077,1.1882352941176473,106470.58823529413,2.088235294117647,0.4,4.7080392156862745,3.7411764705882353,3011.764705882353,[4.22005152],5
10.588235294117647,2.7411764705882353,71176.4705882353,0.17647058823529413,0.5094117647058823,4.12078431372549,6.0,3929.4117647058824,[37.76107834],5
8.156862745098039,2.1286274509803924,395882.35294117645,3.2505882352941176,0.8588235294117647,4.872470588235294,4.682352941176471,1247.0588235294117,[5.28728398],5
19.84313725490196,2.378823529411765,397647.0588235294,2.011764705882353,0.4423529411764706,5.083882352941177,3.764705882352941,4600.0,[4.21564016],5
23.607843137254903,2.9654901960784317,207058.82352941178,1.7364705882352942,0.5447058823529412,3.909372549019608,5.894117647058824,4317.64705882353,[3.12167386],5
23.607843137254903,2.7498039215686276,230000.0,1.9811764705882353,0.5447058823529412,4.144274509803921,4.376470588235295,4317.64705882353,[3.10787383],5
11.372549019607842,2.6894117647058824,440000.0,0.9105882352941176,0.5094117647058823,5.177843137254902,4.376470588235295,1105.8823529411766,[4.85835033],5
4.549019607843137,2.9913725490196086,171764.70588235295,1.9811764705882353,0.8305882352941176,5.2483137254901955,5.258823529411765,4564.7058823529405,[1.44384718],5
19.372549019607845,1.1192156862745097,448823.5294117647,2.3329411764705883,0.64,4.426156862745098,3.976470588235294,3011.764705882353,[4.49822325],5
15.215686274509803,2.171764705882353,399411.76470588235,1.7670588235294118,0.5094117647058823,4.050313725490196,4.423529411764706,3258.823529411765,[4.77521042],5
8.07843137254902,2.9396078431372548,81764.70588235294,0.17647058823529413,0.9964705882352941,3.9328627450980393,5.435294117647059,1529.4117647058824,[3.40958676],5
17.80392156862745,1.0588235294117647,339411.76470588235,3.2505882352941176,0.8588235294117647,4.5670980392156855,6.0,1247.0588235294117,[3.56922628],5
20.15686274509804,2.3529411764705888,166470.5882352941,3.4647058823529413,0.23411764705882354,5.083882352941177,4.3882352941176475,4600.0,[3.54093179],5
10.666666666666668,2.723921568627451,60588.23529411765,1.5988235294117648,0.64,4.426156862745098,3.976470588235294,3082.3529411764707,[4.55493061],5
12.156862745098039,2.75843137254902,207058.82352941178,1.7670588235294118,0.491764705882353,5.718117647058824,4.4,2482.3529411764703,[4.24895817],5
11.294117647058822,2.723921568627451,468235.29411764705,1.9811764705882353,0.8305882352941176,5.2483137254901955,4.905882352941177,4141.176470588235,[10.19479071],5
12.549019607843137,1.2486274509803923,170000.0,0.43647058823529417,0.6611764705882353,4.5670980392156855,4.4,2623.529411764706,[10.08228816],5
23.764705882352942,2.818823529411765,438235.29411764705,1.9811764705882353,0.5447058823529412,5.9295294117647055,3.2941176470588234,3329.4117647058824,[3.25679869],5
20.15686274509804,2.3529411764705888,212352.9411764706,1.7364705882352942,0.8376470588235294,3.909372549019608,5.270588235294118,4317.64705882353,[3.48309668],5
20.627450980392158,1.1192156862745097,448823.5294117647,2.3329411764705883,0.6611764705882353,5.577176470588236,4.4,3011.764705882353,[3.90798044],5
12.549019607843137,2.723921568627451,69411.76470588235,0.5435294117647058,0.4211764705882354,3.2516470588235293,5.011764705882353,2623.529411764706,[3.39169344],5
19.607843137254903,1.0674509803921568,395882.35294117645,3.2505882352941176,0.8482352941176471,4.872470588235294,4.682352941176471,4282.35294117647,[3.2026013],5
17.80392156862745,1.0588235294117647,339411.76470588235,3.2505882352941176,0.8588235294117647,4.872470588235294,4.729411764705882,1458.8235294117646,[3.24832618],5
11.215686274509803,1.8266666666666667,53529.41176470588,3.724705882352941,0.4423529411764706,5.694627450980392,5.247058823529412,4882.35294117647,[7.49549324],5
10.666666666666668,2.723921568627451,170000.0,0.43647058823529417,0.8870588235294118,4.7550196078431375,5.952941176470588,1105.8823529411766,[4.11245495],5
20.15686274509804,2.5858823529411765,335882.35294117645,3.4647058823529413,0.23411764705882354,5.600666666666667,5.270588235294118,4600.0,[3.85373005],5
18.588235294117645,1.2486274509803923,170000.0,3.2505882352941176,0.8588235294117647,4.872470588235294,4.682352941176471,3576.470588235294,[2.03655477],5
10.666666666666668,2.7152941176470593,171764.70588235295,1.9811764705882353,0.8305882352941176,5.577176470588236,4.141176470588235,3364.705882352941,[2.40030479],5
10.666666666666668,2.5858823529411765,166470.5882352941,3.724705882352941,0.4423529411764706,5.788588235294117,5.247058823529412,1105.8823529411766,[3.45769248],5
18.509803921568626,2.1286274509803924,395882.35294117645,3.2505882352941176,0.8623529411764705,4.5670980392156855,4.352941176470589,3152.9411764705883,[2.24284596],5
4.549019607843137,2.9913725490196086,171764.70588235295,1.5988235294117648,0.7458823529411766,6.0,4.905882352941177,3717.6470588235293,[2.43783392],5
18.588235294117645,1.447058823529412,410000.0,0.43647058823529417,0.8870588235294118,3.063725490196078,5.905882352941177,4705.882352941177,[24.91454914],5
12.313725490196079,2.0509803921568626,182352.9411764706,0.9105882352941176,0.5376470588235295,3.0872156862745097,5.576470588235294,2623.529411764706,[4.52933952],5
9.176470588235293,1.4384313725490196,360588.23529411765,1.7364705882352942,0.5164705882352941,5.624156862745099,5.270588235294118,1105.8823529411766,[4.66578764],5
14.745098039215685,2.1286274509803924,410000.0,0.43647058823529417,0.6576470588235295,5.624156862745099,3.552941176470588,3152.9411764705883,[15.18170849],5
8.705882352941178,1.2658823529411767,132941.17647058825,3.143529411764706,0.38235294117647056,3.345607843137255,5.270588235294118,1635.2941176470588,[2.29117385],5
12.235294117647058,2.154509803921569,252941.17647058822,3.1588235294117646,0.7141176470588235,3.5805098039215686,5.141176470588235,2623.529411764706,[2.15016079],5
8.07843137254902,2.7411764705882353,71176.4705882353,3.143529411764706,0.5094117647058823,4.12078431372549,6.0,1247.0588235294117,[2.8390374],5
18.745098039215684,1.2658823529411767,115294.11764705883,0.17647058823529413,0.4952941176470588,4.895960784313726,4.376470588235295,2694.1176470588234,[1726.27708789],5
14.823529411764707,2.0509803921568626,321764.70588235295,3.2505882352941176,0.8729411764705882,4.379176470588235,5.811764705882353,4917.64705882353,[1.91325659],5
18.745098039215684,1.2486274509803923,166470.5882352941,3.4647058823529413,0.23411764705882354,5.83556862745098,4.3882352941176475,1705.8823529411766,[3.74212725],5
8.07843137254902,2.9396078431372548,81764.70588235294,0.17647058823529413,0.548235294117647,5.2483137254901955,5.270588235294118,1529.4117647058824,[4.21181987],5
11.215686274509803,1.8266666666666667,76470.58823529413,1.6600000000000001,0.8482352941176471,3.9328627450980393,5.435294117647059,1494.1176470588234,[2.7556952],5
17.019607843137255,1.3607843137254902,120588.23529411765,3.418823529411765,0.2411764705882353,5.083882352941177,4.3882352941176475,1247.0588235294117,[3.97341506],5
7.137254901960784,2.4133333333333336,298823.5294117647,1.1400000000000001,0.4,5.600666666666667,4.8,1458.8235294117646,[12.09964188],5
17.80392156862745,1.0588235294117647,166470.5882352941,3.2505882352941176,0.8588235294117647,4.5670980392156855,6.0,1247.0588235294117,[3.56787771],5
8.705882352941178,1.0588235294117647,339411.76470588235,3.4647058823529413,0.5094117647058823,5.177843137254902,4.364705882352942,1635.2941176470588,[2.30576917],5
22.11764705882353,1.3866666666666667,81764.70588235294,0.17647058823529413,0.5094117647058823,3.9328627450980393,5.164705882352941,1070.5882352941176,[13.58506765],5
8.07843137254902,2.9654901960784317,364117.64705882355,3.648235294117647,0.18823529411764706,3.744941176470588,5.435294117647059,1529.4117647058824,[8.27655472],5
